True,Diesel Generator 1,Diesel Generator 2,Diesel Generator 3,Diesel Generator 1: At Sea Mechanical Loading,Diesel Generator 1: At Sea Electrical Loading,Diesel Generator 1: Harbor Mechanical Loading,Diesel Generator 1: Harbor Electrical Loading,Diesel Generator 1: Dock Mechanical Loading,Diesel Generator 1: Dock Electrical Loading,Diesel Generator 2: At Sea Mechanical Loading,Diesel Generator 2: At Sea Electrical Loading,Diesel Generator 2: Harbor Mechanical Loading,Diesel Generator 2: Harbor Electrical Loading,Diesel Generator 2: Dock Mechanical Loading,Diesel Generator 2: Dock Electrical Loading,Diesel Generator 3: At Sea Mechanical Loading,Diesel Generator 3: At Sea Electrical Loading,Diesel Generator 3: Harbor Mechanical Loading,Diesel Generator 3: Harbor Electrical Loading,Diesel Generator 3: Dock Mechanical Loading,Diesel Generator 3: Dock Electrical Loading,Iteration Time
0,1500.0000000149012,1000.0,500.0,0.0,-1.029709719807781e-12,0.0,666.6669965566272,0.0,333.3330034433739,0.0,-7.476680641646045e-15,0.0,38.78523089263489,0.0,461.21476910736516,0.0,-8.73591514823914e-14,0.0,-1.032704744049535e-13,0.0,100.00000000000018,86.67912316322327
1,1500.0,1000.0000000149012,500.0,0.0,-1.0295488370990883e-12,0.0,666.6669965566272,0.0,333.3330034433739,0.0,-7.476680641646045e-15,0.0,38.78523089263489,0.0,461.21476910736516,0.0,-8.73591514823914e-14,0.0,-1.032704744049535e-13,0.0,100.00000000000018,9.6472749710083
2,1500.0,1000.0,500.00000001490116,0.0,-5.9278620265293036e-21,0.0,666.6669965566266,0.0,333.3330034433734,0.0,-7.476680641646045e-15,0.0,38.78523089263489,0.0,461.21476910736516,0.0,-8.73591514823914e-14,0.0,-1.032704744049535e-13,0.0,100.00000000000018,2.6669278144836426
3,1500.0,999.9999894797802,500.00000319443643,0.0,-5.9278620265293036e-21,0.0,666.6669965566266,0.0,333.3330034433734,0.0,-7.476680641646045e-15,0.0,38.78523089263489,0.0,461.21476910736516,0.0,-8.73591514823914e-14,0.0,-1.032704744049535e-13,0.0,100.00000000000018,2.59206223487854
4,1500.0000000149012,999.9999894797802,500.00000319443643,0.0,-5.9278620265293036e-21,0.0,666.6669965566266,0.0,333.3330034433734,0.0,-7.476680641646045e-15,0.0,38.78523089263489,0.0,461.21476910736516,0.0,-8.73591514823914e-14,0.0,-1.032704744049535e-13,0.0,100.00000000000018,2.537275552749634
5,1500.0,999.9999894946814,500.00000319443643,0.0,-5.9278620265293036e-21,0.0,666.6669965566266,0.0,333.3330034433734,0.0,-7.476680641646045e-15,0.0,38.78523089263489,0.0,461.21476910736516,0.0,-8.73591514823914e-14,0.0,-1.032704744049535e-13,0.0,100.00000000000018,2.531226873397827
6,1500.0,999.9999894797802,500.0000032093376,0.0,-5.9278620265293036e-21,0.0,666.6669965566266,0.0,333.3330034433734,0.0,-7.476680641646045e-15,0.0,38.78523089263489,0.0,461.21476910736516,0.0,-8.73591514823914e-14,0.0,-1.032704744049535e-13,0.0,100.00000000000018,2.664914131164551
7,1500.0,999.9999369157205,500.0000192132496,0.0,-5.9278620265293036e-21,0.0,666.6669965566266,0.0,333.3330034433734,0.0,-7.476680641646045e-15,0.0,38.78523089263489,0.0,461.21476910736516,0.0,-8.73591514823914e-14,0.0,-1.032704744049535e-13,0.0,100.00000000000018,2.5591697692871094
8,1500.0000000149012,999.9999369157205,500.0000192132496,0.0,-5.9278620265293036e-21,0.0,666.6669965566266,0.0,333.3330034433734,0.0,-7.476680641646045e-15,0.0,38.78523089263489,0.0,461.21476910736516,0.0,-8.73591514823914e-14,0.0,-1.032704744049535e-13,0.0,100.00000000000018,2.55020809173584
9,1500.0,999.9999369306216,500.0000192132496,0.0,-5.9278620265293036e-21,0.0,666.6669965566266,0.0,333.3330034433734,0.0,-7.476680641646045e-15,0.0,38.78523089263489,0.0,461.21476910736516,0.0,-8.73591514823914e-14,0.0,-1.032704744049535e-13,0.0,100.00000000000018,2.5571863651275635
10,1500.0,999.9999369157205,500.00001922815073,0.0,-5.9278620265293036e-21,0.0,666.6669965566266,0.0,333.3330034433734,0.0,-7.476680641646045e-15,0.0,38.78523089263489,0.0,461.21476910736516,0.0,-8.73591514823914e-14,0.0,-1.032704744049535e-13,0.0,100.00000000000018,2.767624616622925
11,1500.0,999.9996740623999,500.0000993052273,0.0,-5.9278620265293036e-21,0.0,666.6669965566266,0.0,333.3330034433734,0.0,-7.476680641646045e-15,0.0,38.78523089263489,0.0,461.21476910736516,0.0,-8.73591514823914e-14,0.0,-1.032704744049535e-13,0.0,100.00000000000018,2.5551958084106445
12,1500.0000000149012,999.9996740623999,500.0000993052273,0.0,-5.9278620265293036e-21,0.0,666.6669965566266,0.0,333.3330034433734,0.0,-7.476680641646045e-15,0.0,38.78523089263489,0.0,461.21476910736516,0.0,-8.73591514823914e-14,0.0,-1.032704744049535e-13,0.0,100.00000000000018,2.5382378101348877
13,1500.0,999.999674077301,500.0000993052273,0.0,-5.9278620265293036e-21,0.0,666.6669965566266,0.0,333.3330034433734,0.0,-7.476680641646045e-15,0.0,38.78523089263489,0.0,461.21476910736516,0.0,-8.73591514823914e-14,0.0,-1.032704744049535e-13,0.0,100.00000000000018,2.5192840099334717
14,1500.0,999.9996740623999,500.00009932012847,0.0,-5.9278620265293036e-21,0.0,666.6669965566266,0.0,333.3330034433734,0.0,-7.476680641646045e-15,0.0,38.78523089263489,0.0,461.21476910736516,0.0,-8.73591514823914e-14,0.0,-1.032704744049535e-13,0.0,100.00000000000018,2.5950980186462402
15,1500.0,999.9983597957969,500.0004997651161,0.0,-5.9278620265293036e-21,0.0,666.6669965566266,0.0,333.3330034433734,0.0,-7.476680641646045e-15,0.0,38.78523089263489,0.0,461.21476910736516,0.0,-8.73591514823914e-14,0.0,-1.032704744049535e-13,0.0,100.00000000000018,2.7765729427337646
16,1500.0000000149012,999.9983597957969,500.0004997651161,0.0,-5.9278620265293036e-21,0.0,666.6669965566266,0.0,333.3330034433734,0.0,-7.476680641646045e-15,0.0,38.78523089263489,0.0,461.21476910736516,0.0,-8.73591514823914e-14,0.0,-1.032704744049535e-13,0.0,100.00000000000018,2.6329879760742188
17,1500.0,999.998359810698,500.0004997651161,0.0,-5.9278620265293036e-21,0.0,666.6669965566266,0.0,333.3330034433734,0.0,-7.476680641646045e-15,0.0,38.78523089263489,0.0,461.21476910736516,0.0,-8.73591514823914e-14,0.0,-1.032704744049535e-13,0.0,100.00000000000018,2.5442211627960205
18,1500.0,999.9983597957969,500.00049978001726,0.0,-5.9278620265293036e-21,0.0,666.6669965566266,0.0,333.3330034433734,0.0,-7.476680641646045e-15,0.0,38.78523089263489,0.0,461.21476910736516,0.0,-8.73591514823914e-14,0.0,-1.032704744049535e-13,0.0,100.00000000000018,2.6858718395233154
19,1500.0,999.991787396735,500.0025023865507,0.0,-5.9278620265293036e-21,0.0,666.6669965566266,0.0,333.3330034433734,0.0,-7.476680641646045e-15,0.0,38.78523089263489,0.0,461.21476910736516,0.0,-8.73591514823914e-14,0.0,-1.032704744049535e-13,0.0,100.00000000000018,2.533228874206543
20,1500.0000000149012,999.991787396735,500.0025023865507,0.0,-5.9278620265293036e-21,0.0,666.6669965566266,0.0,333.3330034433734,0.0,-7.476680641646045e-15,0.0,38.78523089263489,0.0,461.21476910736516,0.0,-8.73591514823914e-14,0.0,-1.032704744049535e-13,0.0,100.00000000000018,2.551204204559326
21,1500.0,999.9917874116362,500.0025023865507,0.0,-5.9278620265293036e-21,0.0,666.6669965566266,0.0,333.3330034433734,0.0,-7.476680641646045e-15,0.0,38.78523089263489,0.0,461.21476910736516,0.0,-8.73591514823914e-14,0.0,-1.032704744049535e-13,0.0,100.00000000000018,2.9382071495056152
22,1500.0,999.991787396735,500.00250240145186,0.0,-5.9278620265293036e-21,0.0,666.6669965566266,0.0,333.3330034433734,0.0,-7.476680641646045e-15,0.0,38.78523089263489,0.0,461.21476910736516,0.0,-8.73591514823914e-14,0.0,-1.032704744049535e-13,0.0,100.00000000000018,2.677867889404297
23,1500.0,999.9589307284966,500.01251387339175,0.0,-5.9278620265293036e-21,0.0,666.6669965566266,0.0,333.3330034433734,0.0,-7.476680641646045e-15,0.0,38.78523089263489,0.0,461.21476910736516,0.0,-8.73591514823914e-14,0.0,-1.032704744049535e-13,0.0,100.00000000000018,2.5990750789642334
24,1500.0000000149012,999.9589307284966,500.01251387339175,0.0,-5.9278620265293036e-21,0.0,666.6669965566266,0.0,333.3330034433734,0.0,-7.476680641646045e-15,0.0,38.78523089263489,0.0,461.21476910736516,0.0,-8.73591514823914e-14,0.0,-1.032704744049535e-13,0.0,100.00000000000018,2.535248279571533
25,1500.0,999.9589307433978,500.01251387339175,0.0,-5.9278620265293036e-21,0.0,666.6669965566266,0.0,333.3330034433734,0.0,-7.476680641646045e-15,0.0,38.78523089263489,0.0,461.21476910736516,0.0,-8.73591514823914e-14,0.0,-1.032704744049535e-13,0.0,100.00000000000018,2.546250343322754
26,1500.0,999.9589307284966,500.0125138882929,0.0,-5.9278620265293036e-21,0.0,666.6669965566266,0.0,333.3330034433734,0.0,-7.476680641646045e-15,0.0,38.78523089263489,0.0,461.21476910736516,0.0,-8.73591514823914e-14,0.0,-1.032704744049535e-13,0.0,100.00000000000018,2.56416916847229
27,1500.0,999.7947249877899,500.0625476403187,0.0,-5.9278620265293036e-21,0.0,666.6669965566266,0.0,333.3330034433734,0.0,-7.476680641646045e-15,0.0,38.78523089263489,0.0,461.21476910736516,0.0,-8.73591514823914e-14,0.0,-1.032704744049535e-13,0.0,100.00000000000018,2.561210870742798
28,1500.0000000149012,999.7947249877899,500.0625476403187,0.0,-5.9278620265293036e-21,0.0,666.6669965566266,0.0,333.3330034433734,0.0,-7.476680641646045e-15,0.0,38.78523089263489,0.0,461.21476910736516,0.0,-8.73591514823914e-14,0.0,-1.032704744049535e-13,0.0,100.00000000000018,2.531226873397827
29,1500.0,999.794725002691,500.0625476403187,0.0,-5.9278620265293036e-21,0.0,666.6669965566266,0.0,333.3330034433734,0.0,-7.476680641646045e-15,0.0,38.78523089263489,0.0,461.21476910736516,0.0,-8.73591514823914e-14,0.0,-1.032704744049535e-13,0.0,100.00000000000018,2.694796562194824
30,1500.0,999.7947249877899,500.0625476552199,0.0,-5.9278620265293036e-21,0.0,666.6669965566266,0.0,333.3330034433734,0.0,-7.476680641646045e-15,0.0,38.78523089263489,0.0,461.21476910736516,0.0,-8.73591514823914e-14,0.0,-1.032704744049535e-13,0.0,100.00000000000018,2.5143373012542725
31,1500.0,998.9753004101659,500.31222762742084,0.0,-5.9278620265293036e-21,0.0,666.6669965566266,0.0,333.3330034433734,0.0,-7.476680641646045e-15,0.0,38.78523089263489,0.0,461.21476910736516,0.0,-8.73591514823914e-14,0.0,-1.032704744049535e-13,0.0,100.00000000000018,2.551211357116699
32,1500.0000000149012,998.9753004101659,500.31222762742084,0.0,-5.9278620265293036e-21,0.0,666.6669965566266,0.0,333.3330034433734,0.0,-7.476680641646045e-15,0.0,38.78523089263489,0.0,461.21476910736516,0.0,-8.73591514823914e-14,0.0,-1.032704744049535e-13,0.0,100.00000000000018,2.5911011695861816
33,1500.0,998.9753004250671,500.31222762742084,0.0,-5.9278620265293036e-21,0.0,666.6669965566266,0.0,333.3330034433734,0.0,-7.476680641646045e-15,0.0,38.78523089263489,0.0,461.21476910736516,0.0,-8.73591514823914e-14,0.0,-1.032704744049535e-13,0.0,100.00000000000018,2.614006519317627
34,1500.0,998.9753004101659,500.312227642322,0.0,-5.9278620265293036e-21,0.0,666.6669965566266,0.0,333.3330034433734,0.0,-7.476680641646045e-15,0.0,38.78523089263489,0.0,461.21476910736516,0.0,-8.73591514823914e-14,0.0,-1.032704744049535e-13,0.0,100.00000000000018,2.864408016204834
35,1500.0,994.920886992322,501.54761356020185,0.0,-5.9278620265293036e-21,0.0,666.6669965566266,0.0,333.3330034433734,0.0,-7.476680641646045e-15,0.0,38.78523089263489,0.0,461.21476910736516,0.0,-8.73591514823914e-14,0.0,-1.032704744049535e-13,0.0,100.00000000000018,2.8504087924957275
36,1500.0000000149012,994.920886992322,501.54761356020185,0.0,-7.924927890241245e-18,0.0,664.845085659307,0.0,335.1549143406929,0.0,4.99519650433328e-19,0.0,36.10594412140739,0.0,463.8940558785926,0.0,-8.73591514823914e-14,0.0,-1.032704744049535e-13,0.0,100.00000000000018,20.616034269332886
37,1500.0,994.9208870072232,501.54761356020185,0.0,-7.924927890241245e-18,0.0,664.845085659307,0.0,335.1549143406929,0.0,4.99519650433328e-19,0.0,36.10594412140739,0.0,463.8940558785926,0.0,-8.73591514823914e-14,0.0,-1.032704744049535e-13,0.0,100.00000000000018,2.610032558441162
38,1500.0,994.920886992322,501.547613575103,0.0,-7.924927890241245e-18,0.0,664.845085659307,0.0,335.1549143406929,0.0,4.99519650433328e-19,0.0,36.10594412140739,0.0,463.8940558785926,0.0,-8.73591514823914e-14,0.0,-1.032704744049535e-13,0.0,100.00000000000018,2.6289825439453125
39,1500.0,974.5688055712632,507.74892718816056,0.0,-7.924927890241245e-18,0.0,664.845085659307,0.0,335.1549143406929,0.0,4.99519650433328e-19,0.0,36.10594412140739,0.0,463.8940558785926,0.0,-8.73591514823914e-14,0.0,-1.032704744049535e-13,0.0,100.00000000000018,2.7227323055267334
40,1500.0000000149012,974.5688055712632,507.74892718816056,0.0,6.458532341069499e-20,0.0,657.462743590956,0.0,342.53725640904406,0.0,1.0076194839023345e-18,0.0,24.935065985480115,0.0,475.0649340145199,0.0,-8.73591514823914e-14,0.0,-1.032704744049535e-13,0.0,100.00000000000018,25.71535873413086
41,1500.0,974.5688055861643,507.74892718816056,0.0,6.458532341069499e-20,0.0,657.462743590956,0.0,342.53725640904406,0.0,1.0076194839023345e-18,0.0,24.935065985480115,0.0,475.0649340145199,0.0,-8.73591514823914e-14,0.0,-1.032704744049535e-13,0.0,100.00000000000018,2.576122999191284
42,1500.0,974.5688055712632,507.7489272030617,0.0,6.458532341069499e-20,0.0,657.462743590956,0.0,342.53725640904406,0.0,1.0076194839023345e-18,0.0,24.935065985480115,0.0,475.0649340145199,0.0,-8.73591514823914e-14,0.0,-1.032704744049535e-13,0.0,100.00000000000018,2.624992847442627
43,1500.0,876.5622507516074,537.6117032138646,0.0,6.458532341069499e-20,0.0,657.462743590956,0.0,342.53725640904406,0.0,1.0076194839023345e-18,0.0,24.935065985480115,0.0,475.0649340145199,0.0,-8.73591514823914e-14,0.0,-1.032704744049535e-13,0.0,100.00000000000018,2.6140224933624268
44,1500.0000000149012,876.5622507516074,537.6117032138646,0.0,-5.359350761824055e-19,0.0,619.8405058948638,0.0,380.1594941051363,0.0,-1.1467701789541009e-20,0.0,2.202678612033324e-14,0.0,500.0,0.0,-8.73591514823914e-14,0.0,-1.032704744049535e-13,0.0,100.00000000000018,21.53252410888672
45,1500.0,876.5622507665086,537.6117032138646,0.0,-5.359350761824055e-19,0.0,619.8405058948638,0.0,380.1594941051363,0.0,-1.1467701789541009e-20,0.0,2.202678612033324e-14,0.0,500.0,0.0,-8.73591514823914e-14,0.0,-1.032704744049535e-13,0.0,100.00000000000018,2.9112279415130615
46,1500.0,876.5622507516074,537.6117032287658,0.0,-5.359350761824055e-19,0.0,619.8405058948638,0.0,380.1594941051363,0.0,-1.1467701789541009e-20,0.0,2.202678612033324e-14,0.0,500.0,0.0,-8.73591514823914e-14,0.0,-1.032704744049535e-13,0.0,100.00000000000018,2.92918062210083
47,1500.0,733.2242672813633,581.2870698990238,0.0,-5.359350761824055e-19,0.0,619.8405058948638,0.0,380.1594941051363,0.0,-1.1467701789541009e-20,0.0,2.202678612033324e-14,0.0,500.0,0.0,-8.73591514823914e-14,0.0,-1.032704744049535e-13,0.0,100.00000000000018,2.795541763305664
48,1500.0000000149012,733.2242672813633,581.2870698990238,0.0,5.199851121162331e-18,0.0,557.7923418955959,0.0,442.20765810440423,0.0,-1.1467701789541009e-20,0.0,2.202678612033324e-14,0.0,500.0,0.0,-8.73591514823914e-14,0.0,-1.032704744049535e-13,0.0,100.00000000000018,13.38726544380188
49,1500.0,733.2242672962644,581.2870698990238,0.0,5.199851121162331e-18,0.0,557.7923418955959,0.0,442.20765810440423,0.0,-1.1467701789541009e-20,0.0,2.202678612033324e-14,0.0,500.0,0.0,-8.73591514823914e-14,0.0,-1.032704744049535e-13,0.0,100.00000000000018,2.663888692855835
50,1500.0,733.2242672813633,581.2870699139249,0.0,5.199851121162331e-18,0.0,557.7923418955959,0.0,442.20765810440423,0.0,-1.1467701789541009e-20,0.0,2.202678612033324e-14,0.0,500.0,0.0,-8.73591514823914e-14,0.0,-1.032704744049535e-13,0.0,100.00000000000018,2.650925397872925
51,1500.0,791.7961172560418,563.4401282927148,0.0,5.199851121162331e-18,0.0,557.7923418955959,0.0,442.20765810440423,0.0,-1.1467701789541009e-20,0.0,2.202678612033324e-14,0.0,500.0,0.0,-8.73591514823914e-14,0.0,-1.032704744049535e-13,0.0,100.00000000000018,2.6778509616851807
52,1500.0000000149012,791.7961172560418,563.4401282927148,0.0,4.590363904885419e-19,0.0,584.249699698624,0.0,415.750300301376,0.0,-1.1467701789541009e-20,0.0,2.202678612033324e-14,0.0,500.0,0.0,-8.73591514823914e-14,0.0,-1.032704744049535e-13,0.0,100.00000000000018,12.364994525909424
53,1500.0,791.796117270943,563.4401282927148,0.0,4.590363904885419e-19,0.0,584.249699698624,0.0,415.750300301376,0.0,-1.1467701789541009e-20,0.0,2.202678612033324e-14,0.0,500.0,0.0,-8.73591514823914e-14,0.0,-1.032704744049535e-13,0.0,100.00000000000018,2.868345022201538
54,1500.0,791.7961172560418,563.440128307616,0.0,4.590363904885419e-19,0.0,584.249699698624,0.0,415.750300301376,0.0,-1.1467701789541009e-20,0.0,2.202678612033324e-14,0.0,500.0,0.0,-8.73591514823914e-14,0.0,-1.032704744049535e-13,0.0,100.00000000000018,2.6529173851013184
55,1500.0,787.2607665117984,564.8220733060418,0.0,4.590363904885419e-19,0.0,584.249699698624,0.0,415.750300301376,0.0,-1.1467701789541009e-20,0.0,2.202678612033324e-14,0.0,500.0,0.0,-8.73591514823914e-14,0.0,-1.032704744049535e-13,0.0,100.00000000000018,2.6269893646240234
56,1500.0000000149012,787.2607665117984,564.8220733060418,0.0,7.15986493250065e-20,0.0,582.2584712914976,0.0,417.74152870850247,0.0,-1.1467701789541009e-20,0.0,2.202678612033324e-14,0.0,500.0,0.0,-8.73591514823914e-14,0.0,-1.032704744049535e-13,0.0,100.00000000000018,12.18447494506836
57,1500.0,787.2607665266995,564.8220733060418,0.0,7.15986493250065e-20,0.0,582.2584712914976,0.0,417.74152870850247,0.0,-1.1467701789541009e-20,0.0,2.202678612033324e-14,0.0,500.0,0.0,-8.73591514823914e-14,0.0,-1.032704744049535e-13,0.0,100.00000000000018,2.5681450366973877
58,1500.0,787.2607665117984,564.822073320943,0.0,7.15986493250065e-20,0.0,582.2584712914976,0.0,417.74152870850247,0.0,-1.1467701789541009e-20,0.0,2.202678612033324e-14,0.0,500.0,0.0,-8.73591514823914e-14,0.0,-1.032704744049535e-13,0.0,100.00000000000018,2.6060433387756348
59,1500.0,787.0176815463783,564.896158506014,0.0,7.15986493250065e-20,0.0,582.2584712914976,0.0,417.74152870850247,0.0,-1.1467701789541009e-20,0.0,2.202678612033324e-14,0.0,500.0,0.0,-8.73591514823914e-14,0.0,-1.032704744049535e-13,0.0,100.00000000000018,2.639953136444092
60,1500.0,787.1859275736188,564.8448820292846,0.0,7.15986493250065e-20,0.0,582.2584712914976,0.0,417.74152870850247,0.0,-1.1467701789541009e-20,0.0,2.202678612033324e-14,0.0,500.0,0.0,-8.73591514823914e-14,0.0,-1.032704744049535e-13,0.0,100.00000000000018,2.5910840034484863
61,1500.0000000149012,787.1859275736188,564.8448820292846,0.0,7.15986493250065e-20,0.0,582.2584712914976,0.0,417.74152870850247,0.0,-1.1467701789541009e-20,0.0,2.202678612033324e-14,0.0,500.0,0.0,-8.73591514823914e-14,0.0,-1.032704744049535e-13,0.0,100.00000000000018,2.6409494876861572
62,1500.0,787.1859275885199,564.8448820292846,0.0,7.15986493250065e-20,0.0,582.2584712914976,0.0,417.74152870850247,0.0,-1.1467701789541009e-20,0.0,2.202678612033324e-14,0.0,500.0,0.0,-8.73591514823914e-14,0.0,-1.032704744049535e-13,0.0,100.00000000000018,3.008967876434326
63,1500.0,787.1859275736188,564.8448820441857,0.0,7.15986493250065e-20,0.0,582.2584712914976,0.0,417.74152870850247,0.0,-1.1467701789541009e-20,0.0,2.202678612033324e-14,0.0,500.0,0.0,-8.73591514823914e-14,0.0,-1.032704744049535e-13,0.0,100.00000000000018,2.7696073055267334
64,1500.0,787.1922446095028,564.8429734915916,0.0,7.15986493250065e-20,0.0,582.2584712914976,0.0,417.74152870850247,0.0,-1.1467701789541009e-20,0.0,2.202678612033324e-14,0.0,500.0,0.0,-8.73591514823914e-14,0.0,-1.032704744049535e-13,0.0,100.00000000000018,2.578118085861206
65,1500.0000000149012,787.1922446095028,564.8429734915916,0.0,7.15986493250065e-20,0.0,582.2584712914976,0.0,417.74152870850247,0.0,-1.1467701789541009e-20,0.0,2.202678612033324e-14,0.0,500.0,0.0,-8.73591514823914e-14,0.0,-1.032704744049535e-13,0.0,100.00000000000018,2.6898202896118164
66,1500.0,787.192244624404,564.8429734915916,0.0,7.15986493250065e-20,0.0,582.2584712914976,0.0,417.74152870850247,0.0,-1.1467701789541009e-20,0.0,2.202678612033324e-14,0.0,500.0,0.0,-8.73591514823914e-14,0.0,-1.032704744049535e-13,0.0,100.00000000000018,2.6359639167785645
67,1500.0,787.1922446095028,564.8429735064927,0.0,7.15986493250065e-20,0.0,582.2584712914976,0.0,417.74152870850247,0.0,-1.1467701789541009e-20,0.0,2.202678612033324e-14,0.0,500.0,0.0,-8.73591514823914e-14,0.0,-1.032704744049535e-13,0.0,100.00000000000018,2.623995542526245
68,1500.0,787.1926400277165,564.842963216327,0.0,7.15986493250065e-20,0.0,582.2584712914976,0.0,417.74152870850247,0.0,-1.1467701789541009e-20,0.0,2.202678612033324e-14,0.0,500.0,0.0,-8.73591514823914e-14,0.0,-1.032704744049535e-13,0.0,100.00000000000018,2.6130566596984863
69,1500.0000000149012,787.1926400277165,564.842963216327,0.0,7.15986493250065e-20,0.0,582.2584712914976,0.0,417.74152870850247,0.0,-1.1467701789541009e-20,0.0,2.202678612033324e-14,0.0,500.0,0.0,-8.73591514823914e-14,0.0,-1.032704744049535e-13,0.0,100.00000000000018,2.6289796829223633
70,1500.0,787.1926400426177,564.842963216327,0.0,7.15986493250065e-20,0.0,582.2584712914976,0.0,417.74152870850247,0.0,-1.1467701789541009e-20,0.0,2.202678612033324e-14,0.0,500.0,0.0,-8.73591514823914e-14,0.0,-1.032704744049535e-13,0.0,100.00000000000018,2.6030213832855225
71,1500.0,787.1926400277165,564.8429632312282,0.0,7.15986493250065e-20,0.0,582.2584712914976,0.0,417.74152870850247,0.0,-1.1467701789541009e-20,0.0,2.202678612033324e-14,0.0,500.0,0.0,-8.73591514823914e-14,0.0,-1.032704744049535e-13,0.0,100.00000000000018,2.654911994934082
72,1500.0,787.185257165879,564.8457657441706,0.0,7.15986493250065e-20,0.0,582.2584712914976,0.0,417.74152870850247,0.0,-1.1467701789541009e-20,0.0,2.202678612033324e-14,0.0,500.0,0.0,-8.73591514823914e-14,0.0,-1.032704744049535e-13,0.0,100.00000000000018,2.6419777870178223
73,1500.0000000149012,787.185257165879,564.8457657441706,0.0,7.15986493250065e-20,0.0,582.2584712914976,0.0,417.74152870850247,0.0,-1.1467701789541009e-20,0.0,2.202678612033324e-14,0.0,500.0,0.0,-8.73591514823914e-14,0.0,-1.032704744049535e-13,0.0,100.00000000000018,2.7695767879486084
74,1500.0,787.1852571807801,564.8457657441706,0.0,7.15986493250065e-20,0.0,582.2584712914976,0.0,417.74152870850247,0.0,-1.1467701789541009e-20,0.0,2.202678612033324e-14,0.0,500.0,0.0,-8.73591514823914e-14,0.0,-1.032704744049535e-13,0.0,100.00000000000018,2.636991024017334
75,1500.0,787.185257165879,564.8457657590718,0.0,7.15986493250065e-20,0.0,582.2584712914976,0.0,417.74152870850247,0.0,-1.1467701789541009e-20,0.0,2.202678612033324e-14,0.0,500.0,0.0,-8.73591514823914e-14,0.0,-1.032704744049535e-13,0.0,100.00000000000018,2.651888608932495
76,1500.0,787.1556301625491,564.8575574190887,0.0,7.15986493250065e-20,0.0,582.2584712914976,0.0,417.74152870850247,0.0,-1.1467701789541009e-20,0.0,2.202678612033324e-14,0.0,500.0,0.0,-8.73591514823914e-14,0.0,-1.032704744049535e-13,0.0,100.00000000000018,2.632972002029419
77,1500.0000000149012,787.1556301625491,564.8575574190887,0.0,7.15986493250065e-20,0.0,582.2584712914976,0.0,417.74152870850247,0.0,-1.1467701789541009e-20,0.0,2.202678612033324e-14,0.0,500.0,0.0,-8.73591514823914e-14,0.0,-1.032704744049535e-13,0.0,100.00000000000018,2.644942045211792
78,1500.0,787.1556301774502,564.8575574190887,0.0,7.15986493250065e-20,0.0,582.2584712914976,0.0,417.74152870850247,0.0,-1.1467701789541009e-20,0.0,2.202678612033324e-14,0.0,500.0,0.0,-8.73591514823914e-14,0.0,-1.032704744049535e-13,0.0,100.00000000000018,2.6449384689331055
79,1500.0,787.1556301625491,564.8575574339899,0.0,7.15986493250065e-20,0.0,582.2584712914976,0.0,417.74152870850247,0.0,-1.1467701789541009e-20,0.0,2.202678612033324e-14,0.0,500.0,0.0,-8.73591514823914e-14,0.0,-1.032704744049535e-13,0.0,100.00000000000018,2.6389899253845215
80,1500.0,787.1088339885274,564.8857804443686,0.0,7.15986493250065e-20,0.0,582.2584712914976,0.0,417.74152870850247,0.0,-1.1467701789541009e-20,0.0,2.202678612033324e-14,0.0,500.0,0.0,-8.73591514823914e-14,0.0,-1.032704744049535e-13,0.0,100.00000000000018,2.670865058898926
81,1500.0000000149012,787.1088339885274,564.8857804443686,0.0,7.15986493250065e-20,0.0,582.2584712914976,0.0,417.74152870850247,0.0,-1.1467701789541009e-20,0.0,2.202678612033324e-14,0.0,500.0,0.0,-8.73591514823914e-14,0.0,-1.032704744049535e-13,0.0,100.00000000000018,2.611029624938965
82,1500.0,787.1088340034286,564.8857804443686,0.0,7.15986493250065e-20,0.0,582.2584712914976,0.0,417.74152870850247,0.0,-1.1467701789541009e-20,0.0,2.202678612033324e-14,0.0,500.0,0.0,-8.73591514823914e-14,0.0,-1.032704744049535e-13,0.0,100.00000000000018,2.6688764095306396
83,1500.0,787.1088339885274,564.8857804592698,0.0,7.15986493250065e-20,0.0,582.2584712914976,0.0,417.74152870850247,0.0,-1.1467701789541009e-20,0.0,2.202678612033324e-14,0.0,500.0,0.0,-8.73591514823914e-14,0.0,-1.032704744049535e-13,0.0,100.00000000000018,2.726724863052368
84,1500.0,787.0872094608632,564.9627080512099,0.0,7.15986493250065e-20,0.0,582.2584712914976,0.0,417.74152870850247,0.0,-1.1467701789541009e-20,0.0,2.202678612033324e-14,0.0,500.0,0.0,-8.73591514823914e-14,0.0,-1.032704744049535e-13,0.0,100.00000000000018,2.6808693408966064
85,1500.0000000149012,787.0872094608632,564.9627080512099,0.0,7.15986493250065e-20,0.0,582.2584712914976,0.0,417.74152870850247,0.0,-1.1467701789541009e-20,0.0,2.202678612033324e-14,0.0,500.0,0.0,-8.73591514823914e-14,0.0,-1.032704744049535e-13,0.0,100.00000000000018,2.827428102493286
86,1500.0,787.0872094757643,564.9627080512099,0.0,7.15986493250065e-20,0.0,582.2584712914976,0.0,417.74152870850247,0.0,-1.1467701789541009e-20,0.0,2.202678612033324e-14,0.0,500.0,0.0,-8.73591514823914e-14,0.0,-1.032704744049535e-13,0.0,100.00000000000018,2.7107644081115723
87,1500.0,787.0872094608632,564.9627080661111,0.0,7.15986493250065e-20,0.0,582.2584712914976,0.0,417.74152870850247,0.0,-1.1467701789541009e-20,0.0,2.202678612033324e-14,0.0,500.0,0.0,-8.73591514823914e-14,0.0,-1.032704744049535e-13,0.0,100.00000000000018,2.8224661350250244
88,1500.0,787.1716800297495,565.2882624644485,0.0,7.15986493250065e-20,0.0,582.2584712914976,0.0,417.74152870850247,0.0,-1.1467701789541009e-20,0.0,2.202678612033324e-14,0.0,500.0,0.0,-8.73591514823914e-14,0.0,-1.032704744049535e-13,0.0,100.00000000000018,2.6798477172851562
89,1500.0000000149012,787.1716800297495,565.2882624644485,0.0,7.15986493250065e-20,0.0,582.2584712914976,0.0,417.74152870850247,0.0,-1.1467701789541009e-20,0.0,2.202678612033324e-14,0.0,500.0,0.0,-8.73591514823914e-14,0.0,-1.032704744049535e-13,0.0,100.00000000000018,2.7157504558563232
90,1500.0,787.1716800446507,565.2882624644485,0.0,7.15986493250065e-20,0.0,582.2584712914976,0.0,417.74152870850247,0.0,-1.1467701789541009e-20,0.0,2.202678612033324e-14,0.0,500.0,0.0,-8.73591514823914e-14,0.0,-1.032704744049535e-13,0.0,100.00000000000018,2.6040494441986084
91,1500.0,787.1716800297495,565.2882624793497,0.0,7.15986493250065e-20,0.0,582.2584712914976,0.0,417.74152870850247,0.0,-1.1467701789541009e-20,0.0,2.202678612033324e-14,0.0,500.0,0.0,-8.73591514823914e-14,0.0,-1.032704744049535e-13,0.0,100.00000000000018,2.6030526161193848
92,1500.0,787.9230375925988,566.7995905223844,0.0,7.15986493250065e-20,0.0,582.2584712914976,0.0,417.74152870850247,0.0,-1.1467701789541009e-20,0.0,2.202678612033324e-14,0.0,500.0,0.0,-8.73591514823914e-14,0.0,-1.032704744049535e-13,0.0,100.00000000000018,2.646934747695923
93,1500.0000000149012,787.9230375925988,566.7995905223844,0.0,7.15986493250065e-20,0.0,582.2584712914976,0.0,417.74152870850247,0.0,-1.1467701789541009e-20,0.0,2.202678612033324e-14,0.0,500.0,0.0,-8.73591514823914e-14,0.0,-1.032704744049535e-13,0.0,100.00000000000018,2.7526519298553467
94,1500.0,787.9230376075,566.7995905223844,0.0,7.15986493250065e-20,0.0,582.2584712914976,0.0,417.74152870850247,0.0,-1.1467701789541009e-20,0.0,2.202678612033324e-14,0.0,500.0,0.0,-8.73591514823914e-14,0.0,-1.032704744049535e-13,0.0,100.00000000000018,2.705775737762451
95,1500.0,787.9230375925988,566.7995905372856,0.0,7.15986493250065e-20,0.0,582.2584712914976,0.0,417.74152870850247,0.0,-1.1467701789541009e-20,0.0,2.202678612033324e-14,0.0,500.0,0.0,-8.73591514823914e-14,0.0,-1.032704744049535e-13,0.0,100.00000000000018,2.5831050872802734
96,1500.0,792.0178213293813,573.8443293810016,0.0,7.15986493250065e-20,0.0,582.2584712914976,0.0,417.74152870850247,0.0,-1.1467701789541009e-20,0.0,2.202678612033324e-14,0.0,500.0,0.0,-8.73591514823914e-14,0.0,-1.032704744049535e-13,0.0,100.00000000000018,2.9132237434387207
97,1500.0000000149012,792.0178213293813,573.8443293810016,0.0,-1.2515319093831838e-20,0.0,579.866762903261,0.0,420.13323709673904,0.0,-1.1467701789541009e-20,0.0,2.202678612033324e-14,0.0,500.0,0.0,-8.73591514823914e-14,0.0,-1.032704744049535e-13,0.0,100.00000000000018,11.748639822006226
98,1500.0,792.0178213442824,573.8443293810016,0.0,-1.2515319093831838e-20,0.0,579.866762903261,0.0,420.13323709673904,0.0,-1.1467701789541009e-20,0.0,2.202678612033324e-14,0.0,500.0,0.0,-8.73591514823914e-14,0.0,-1.032704744049535e-13,0.0,100.00000000000018,2.5601658821105957
99,1500.0,792.0178213293813,573.8443293959027,0.0,-1.2515319093831838e-20,0.0,579.866762903261,0.0,420.13323709673904,0.0,-1.1467701789541009e-20,0.0,2.202678612033324e-14,0.0,500.0,0.0,-8.73591514823914e-14,0.0,-1.032704744049535e-13,0.0,100.00000000000018,2.6299808025360107
100,1500.0,798.3388696419935,609.9726386859818,0.0,-1.2515319093831838e-20,0.0,579.866762903261,0.0,420.13323709673904,0.0,-1.1467701789541009e-20,0.0,2.202678612033324e-14,0.0,500.0,0.0,-8.73591514823914e-14,0.0,-1.032704744049535e-13,0.0,100.00000000000018,2.6469342708587646
101,1500.0000000149012,798.3388696419935,609.9726386859818,0.0,-1.3004353793965012e-20,0.0,566.8768578406243,0.0,433.1231421593757,0.0,-1.1467701789541009e-20,0.0,2.202678612033324e-14,0.0,500.0,0.0,-8.73591514823914e-14,0.0,-1.032704744049535e-13,0.0,100.00000000000018,12.612334251403809
102,1500.0,798.3388696568946,609.9726386859818,0.0,-1.3004353793965012e-20,0.0,566.8768578406243,0.0,433.1231421593757,0.0,-1.1467701789541009e-20,0.0,2.202678612033324e-14,0.0,500.0,0.0,-8.73591514823914e-14,0.0,-1.032704744049535e-13,0.0,100.00000000000018,2.6279871463775635
103,1500.0,798.3388696419935,609.972638700883,0.0,-1.3004353793965012e-20,0.0,566.8768578406243,0.0,433.1231421593757,0.0,-1.1467701789541009e-20,0.0,2.202678612033324e-14,0.0,500.0,0.0,-8.73591514823914e-14,0.0,-1.032704744049535e-13,0.0,100.00000000000018,2.7127575874328613
104,1500.0,791.8152907770151,622.006996051994,0.0,-1.3004353793965012e-20,0.0,566.8768578406243,0.0,433.1231421593757,0.0,-1.1467701789541009e-20,0.0,2.202678612033324e-14,0.0,500.0,0.0,-8.73591514823914e-14,0.0,-1.032704744049535e-13,0.0,100.00000000000018,2.909236192703247
105,1500.0000000149012,791.8152907770151,622.006996051994,0.0,2.9872639026137853e-21,0.0,560.0529668397506,0.0,439.9470331602495,0.0,-1.1467701789541009e-20,0.0,2.202678612033324e-14,0.0,500.0,0.0,-8.73591514823914e-14,0.0,-1.032704744049535e-13,0.0,100.00000000000018,11.885273694992065
106,1500.0,791.8152907919163,622.006996051994,0.0,2.9872639026137853e-21,0.0,560.0529668397506,0.0,439.9470331602495,0.0,-1.1467701789541009e-20,0.0,2.202678612033324e-14,0.0,500.0,0.0,-8.73591514823914e-14,0.0,-1.032704744049535e-13,0.0,100.00000000000018,2.6958043575286865
107,1500.0,791.8152907770151,622.0069960668951,0.0,2.9872639026137853e-21,0.0,560.0529668397506,0.0,439.9470331602495,0.0,-1.1467701789541009e-20,0.0,2.202678612033324e-14,0.0,500.0,0.0,-8.73591514823914e-14,0.0,-1.032704744049535e-13,0.0,100.00000000000018,2.675853729248047
108,1500.0,765.601617880604,648.8800713308066,0.0,2.9872639026137853e-21,0.0,560.0529668397506,0.0,439.9470331602495,0.0,-1.1467701789541009e-20,0.0,2.202678612033324e-14,0.0,500.0,0.0,-8.73591514823914e-14,0.0,-1.032704744049535e-13,0.0,100.00000000000018,2.614044666290283
109,1500.0000000149012,765.601617880604,648.8800713308066,0.0,2.2778776114845533e-20,0.0,541.2594445089403,0.0,458.74055549105975,0.0,-1.1467701789541009e-20,0.0,2.202678612033324e-14,0.0,500.0,0.0,-8.73591514823914e-14,0.0,-1.032704744049535e-13,0.0,100.00000000000018,11.717659950256348
110,1500.0,765.6016178955051,648.8800713308066,0.0,2.2778776114845533e-20,0.0,541.2594445089403,0.0,458.74055549105975,0.0,-1.1467701789541009e-20,0.0,2.202678612033324e-14,0.0,500.0,0.0,-8.73591514823914e-14,0.0,-1.032704744049535e-13,0.0,100.00000000000018,2.6559040546417236
111,1500.0,765.601617880604,648.8800713457077,0.0,2.2778776114845533e-20,0.0,541.2594445089403,0.0,458.74055549105975,0.0,-1.1467701789541009e-20,0.0,2.202678612033324e-14,0.0,500.0,0.0,-8.73591514823914e-14,0.0,-1.032704744049535e-13,0.0,100.00000000000018,2.6549072265625
112,1500.0,732.1956096466346,671.7767911959764,0.0,2.2778776114845533e-20,0.0,541.2594445089403,0.0,458.74055549105975,0.0,-1.1467701789541009e-20,0.0,2.202678612033324e-14,0.0,500.0,0.0,-8.73591514823914e-14,0.0,-1.032704744049535e-13,0.0,100.00000000000018,2.617007255554199
113,1500.0000000149012,732.1956096466346,671.7767911959764,0.0,1.916057814631961e-18,0.0,521.5176233461613,0.0,478.4823766538388,0.0,-1.1467701789541009e-20,0.0,2.202678612033324e-14,0.0,500.0,0.0,-8.73591514823914e-14,0.0,-1.032704744049535e-13,0.0,100.00000000000018,12.537502527236938
114,1500.0,732.1956096615357,671.7767911959764,0.0,1.916057814631961e-18,0.0,521.5176233461613,0.0,478.4823766538388,0.0,-1.1467701789541009e-20,0.0,2.202678612033324e-14,0.0,500.0,0.0,-8.73591514823914e-14,0.0,-1.032704744049535e-13,0.0,100.00000000000018,2.5970592498779297
115,1500.0,732.1956096466346,671.7767912108776,0.0,1.916057814631961e-18,0.0,521.5176233461613,0.0,478.4823766538388,0.0,-1.1467701789541009e-20,0.0,2.202678612033324e-14,0.0,500.0,0.0,-8.73591514823914e-14,0.0,-1.032704744049535e-13,0.0,100.00000000000018,2.624986410140991
116,1500.0,708.9779461317023,682.4787155486608,0.0,1.916057814631961e-18,0.0,521.5176233461613,0.0,478.4823766538388,0.0,-1.1467701789541009e-20,0.0,2.202678612033324e-14,0.0,500.0,0.0,-8.73591514823914e-14,0.0,-1.032704744049535e-13,0.0,100.00000000000018,2.6898131370544434
117,1500.0000000149012,708.9779461317023,682.4787155486608,0.0,-1.3184077301010279e-20,0.0,509.5215872757222,0.0,490.47841272427786,0.0,-1.1467701789541009e-20,0.0,2.202678612033324e-14,0.0,500.0,0.0,-8.73591514823914e-14,0.0,-1.032704744049535e-13,0.0,100.00000000000018,11.674806594848633
118,1500.0,708.9779461466035,682.4787155486608,0.0,-1.3184077301010279e-20,0.0,509.5215872757222,0.0,490.47841272427786,0.0,-1.1467701789541009e-20,0.0,2.202678612033324e-14,0.0,500.0,0.0,-8.73591514823914e-14,0.0,-1.032704744049535e-13,0.0,100.00000000000018,2.611032485961914
119,1500.0,708.9779461317023,682.478715563562,0.0,-1.3184077301010279e-20,0.0,509.5215872757222,0.0,490.47841272427786,0.0,-1.1467701789541009e-20,0.0,2.202678612033324e-14,0.0,500.0,0.0,-8.73591514823914e-14,0.0,-1.032704744049535e-13,0.0,100.00000000000018,2.612027406692505
120,1500.0,706.3012427757662,681.6302257548804,0.0,-1.3184077301010279e-20,0.0,509.5215872757222,0.0,490.47841272427786,0.0,-1.1467701789541009e-20,0.0,2.202678612033324e-14,0.0,500.0,0.0,-8.73591514823914e-14,0.0,-1.032704744049535e-13,0.0,100.00000000000018,2.5900774002075195
121,1500.0000000149012,706.3012427757662,681.6302257548804,0.0,-1.3184077301010279e-20,0.0,509.5215872757222,0.0,490.47841272427786,0.0,-1.1467701789541009e-20,0.0,2.202678612033324e-14,0.0,500.0,0.0,-8.73591514823914e-14,0.0,-1.032704744049535e-13,0.0,100.00000000000018,2.63093900680542
122,1500.0,706.3012427906674,681.6302257548804,0.0,-1.3184077301010279e-20,0.0,509.5215872757222,0.0,490.47841272427786,0.0,-1.1467701789541009e-20,0.0,2.202678612033324e-14,0.0,500.0,0.0,-8.73591514823914e-14,0.0,-1.032704744049535e-13,0.0,100.00000000000018,2.5940706729888916
123,1500.0,706.3012427757662,681.6302257697815,0.0,-1.3184077301010279e-20,0.0,509.5215872757222,0.0,490.47841272427786,0.0,-1.1467701789541009e-20,0.0,2.202678612033324e-14,0.0,500.0,0.0,-8.73591514823914e-14,0.0,-1.032704744049535e-13,0.0,100.00000000000018,2.5980594158172607
124,1500.0,709.8659579161504,672.2326553996078,0.0,-1.3184077301010279e-20,0.0,509.5215872757222,0.0,490.47841272427786,0.0,-1.1467701789541009e-20,0.0,2.202678612033324e-14,0.0,500.0,0.0,-8.73591514823914e-14,0.0,-1.032704744049535e-13,0.0,100.00000000000018,2.6150119304656982
125,1500.0,707.4619201460577,678.5703607116637,0.0,1.6981153802918073e-20,0.0,513.6145524159266,0.0,486.38544758407346,0.0,-1.1467701789541009e-20,0.0,2.202678612033324e-14,0.0,500.0,0.0,-8.73591514823914e-14,0.0,-1.032704744049535e-13,0.0,100.00000000000018,12.278194904327393
126,1500.0000000149012,707.4619201460577,678.5703607116637,0.0,2.849957923960626e-19,0.0,510.42215196150147,0.0,489.5778480384986,0.0,-1.1467701789541009e-20,0.0,2.202678612033324e-14,0.0,500.0,0.0,-8.73591514823914e-14,0.0,-1.032704744049535e-13,0.0,100.00000000000018,12.484642505645752
127,1500.0,707.4619201609588,678.5703607116637,0.0,2.849957923960626e-19,0.0,510.42215196150147,0.0,489.5778480384986,0.0,-1.1467701789541009e-20,0.0,2.202678612033324e-14,0.0,500.0,0.0,-8.73591514823914e-14,0.0,-1.032704744049535e-13,0.0,100.00000000000018,2.6608896255493164
128,1500.0,707.4619201460577,678.5703607265649,0.0,2.849957923960626e-19,0.0,510.42215196150147,0.0,489.5778480384986,0.0,-1.1467701789541009e-20,0.0,2.202678612033324e-14,0.0,500.0,0.0,-8.73591514823914e-14,0.0,-1.032704744049535e-13,0.0,100.00000000000018,2.634960412979126
129,1500.0,707.8603714518417,679.1370605284634,0.0,2.849957923960626e-19,0.0,510.42215196150147,0.0,489.5778480384986,0.0,-1.1467701789541009e-20,0.0,2.202678612033324e-14,0.0,500.0,0.0,-8.73591514823914e-14,0.0,-1.032704744049535e-13,0.0,100.00000000000018,2.663883686065674
130,1500.0000000149012,707.8603714518417,679.1370605284634,0.0,2.849957923960626e-19,0.0,510.42215196150147,0.0,489.5778480384986,0.0,-1.1467701789541009e-20,0.0,2.202678612033324e-14,0.0,500.0,0.0,-8.73591514823914e-14,0.0,-1.032704744049535e-13,0.0,100.00000000000018,2.5731236934661865
131,1500.0,707.8603714667429,679.1370605284634,0.0,2.849957923960626e-19,0.0,510.42215196150147,0.0,489.5778480384986,0.0,-1.1467701789541009e-20,0.0,2.202678612033324e-14,0.0,500.0,0.0,-8.73591514823914e-14,0.0,-1.032704744049535e-13,0.0,100.00000000000018,2.672858715057373
132,1500.0,707.8603714518417,679.1370605433646,0.0,2.849957923960626e-19,0.0,510.42215196150147,0.0,489.5778480384986,0.0,-1.1467701789541009e-20,0.0,2.202678612033324e-14,0.0,500.0,0.0,-8.73591514823914e-14,0.0,-1.032704744049535e-13,0.0,100.00000000000018,2.8623523712158203
133,1500.0,708.1354539852676,679.0560479725916,0.0,2.849957923960626e-19,0.0,510.42215196150147,0.0,489.5778480384986,0.0,-1.1467701789541009e-20,0.0,2.202678612033324e-14,0.0,500.0,0.0,-8.73591514823914e-14,0.0,-1.032704744049535e-13,0.0,100.00000000000018,2.8852927684783936
134,1500.0000000149012,708.1354539852676,679.0560479725916,0.0,2.849957923960626e-19,0.0,510.42215196150147,0.0,489.5778480384986,0.0,-1.1467701789541009e-20,0.0,2.202678612033324e-14,0.0,500.0,0.0,-8.73591514823914e-14,0.0,-1.032704744049535e-13,0.0,100.00000000000018,2.692805051803589
135,1500.0,708.1354540001688,679.0560479725916,0.0,2.849957923960626e-19,0.0,510.42215196150147,0.0,489.5778480384986,0.0,-1.1467701789541009e-20,0.0,2.202678612033324e-14,0.0,500.0,0.0,-8.73591514823914e-14,0.0,-1.032704744049535e-13,0.0,100.00000000000018,2.605039596557617
136,1500.0,708.1354539852676,679.0560479874928,0.0,2.849957923960626e-19,0.0,510.42215196150147,0.0,489.5778480384986,0.0,-1.1467701789541009e-20,0.0,2.202678612033324e-14,0.0,500.0,0.0,-8.73591514823914e-14,0.0,-1.032704744049535e-13,0.0,100.00000000000018,2.611023426055908
137,1500.0,708.0228733311218,679.120166340724,0.0,2.849957923960626e-19,0.0,510.42215196150147,0.0,489.5778480384986,0.0,-1.1467701789541009e-20,0.0,2.202678612033324e-14,0.0,500.0,0.0,-8.73591514823914e-14,0.0,-1.032704744049535e-13,0.0,100.00000000000018,2.549222230911255
138,1500.0000000149012,708.0228733311218,679.120166340724,0.0,2.849957923960626e-19,0.0,510.42215196150147,0.0,489.5778480384986,0.0,-1.1467701789541009e-20,0.0,2.202678612033324e-14,0.0,500.0,0.0,-8.73591514823914e-14,0.0,-1.032704744049535e-13,0.0,100.00000000000018,2.595066785812378
139,1500.0,708.022873346023,679.120166340724,0.0,2.849957923960626e-19,0.0,510.42215196150147,0.0,489.5778480384986,0.0,-1.1467701789541009e-20,0.0,2.202678612033324e-14,0.0,500.0,0.0,-8.73591514823914e-14,0.0,-1.032704744049535e-13,0.0,100.00000000000018,2.6379196643829346
140,1500.0,708.0228733311218,679.1201663556252,0.0,2.849957923960626e-19,0.0,510.42215196150147,0.0,489.5778480384986,0.0,-1.1467701789541009e-20,0.0,2.202678612033324e-14,0.0,500.0,0.0,-8.73591514823914e-14,0.0,-1.032704744049535e-13,0.0,100.00000000000018,2.6090304851531982
141,1500.0,708.0225007746691,679.1138632354085,0.0,2.849957923960626e-19,0.0,510.42215196150147,0.0,489.5778480384986,0.0,-1.1467701789541009e-20,0.0,2.202678612033324e-14,0.0,500.0,0.0,-8.73591514823914e-14,0.0,-1.032704744049535e-13,0.0,100.00000000000018,2.5850918292999268
142,1500.0,708.0226860607473,679.1169980023856,0.0,2.849957923960626e-19,0.0,510.42215196150147,0.0,489.5778480384986,0.0,-1.1467701789541009e-20,0.0,2.202678612033324e-14,0.0,500.0,0.0,-8.73591514823914e-14,0.0,-1.032704744049535e-13,0.0,100.00000000000018,2.624986410140991
143,1500.0000000149012,708.0226860607473,679.1169980023856,0.0,2.849957923960626e-19,0.0,510.42215196150147,0.0,489.5778480384986,0.0,-1.1467701789541009e-20,0.0,2.202678612033324e-14,0.0,500.0,0.0,-8.73591514823914e-14,0.0,-1.032704744049535e-13,0.0,100.00000000000018,2.643935203552246
144,1500.0,708.0226860756485,679.1169980023856,0.0,2.849957923960626e-19,0.0,510.42215196150147,0.0,489.5778480384986,0.0,-1.1467701789541009e-20,0.0,2.202678612033324e-14,0.0,500.0,0.0,-8.73591514823914e-14,0.0,-1.032704744049535e-13,0.0,100.00000000000018,2.6608903408050537
145,1500.0,708.0226860607473,679.1169980172867,0.0,2.849957923960626e-19,0.0,510.42215196150147,0.0,489.5778480384986,0.0,-1.1467701789541009e-20,0.0,2.202678612033324e-14,0.0,500.0,0.0,-8.73591514823914e-14,0.0,-1.032704744049535e-13,0.0,100.00000000000018,2.6579010486602783
