True,Diesel Generator 1,Diesel Generator 2,Diesel Generator 3,Diesel Generator 1: At Sea Mechanical Loading,Diesel Generator 1: At Sea Electrical Loading,Diesel Generator 2: At Sea Mechanical Loading,Diesel Generator 2: At Sea Electrical Loading,Diesel Generator 3: At Sea Mechanical Loading,Diesel Generator 3: At Sea Electrical Loading,Diesel Generator 1: Harbor Mechanical Loading,Diesel Generator 1: Harbor Electrical Loading,Diesel Generator 2: Harbor Mechanical Loading,Diesel Generator 2: Harbor Electrical Loading,Diesel Generator 3: Harbor Mechanical Loading,Diesel Generator 3: Harbor Electrical Loading,Diesel Generator 1: Dock Mechanical Loading,Diesel Generator 1: Dock Electrical Loading,Diesel Generator 2: Dock Mechanical Loading,Diesel Generator 2: Dock Electrical Loading,Diesel Generator 3: Dock Mechanical Loading,Diesel Generator 3: Dock Electrical Loading,At Sea Fuel Burn Rate,Harbor Fuel Burn Rate,Dock Fuel Burn Rate,Iteration Time
0,1500.0000000149012,1000.0,500.0,0.0,3.2284725086895026e-10,0.0,814.4250191728153,0.0,185.5749808268619,0.0,-6.167506307015824e-21,0.0,24.999999999999993,0.0,475.0,0.0,-1.7972529782842544e-13,0.0,1.7974146827740607e-13,0.0,100.0,0.16852665591458704,0.017711916991358927,0.002880772270231191,74.46813917160034
1,1500.0,1000.0000000149012,500.0,0.0,3.2284725086895026e-10,0.0,814.4250191728153,0.0,185.5749808268619,0.0,-6.167506307015824e-21,0.0,24.999999999999993,0.0,475.0,0.0,-1.7972529782842544e-13,0.0,1.7974146827740607e-13,0.0,100.0,0.1685266559147396,0.017711916991360543,0.002880772270231191,2.4894134998321533
2,1500.0,1000.0,500.00000001490116,0.0,3.2284725086895026e-10,0.0,814.4250191728153,0.0,185.5749808268619,0.0,-6.167506307015824e-21,0.0,24.999999999999993,0.0,475.0,0.0,-1.7972529782842544e-13,0.0,1.7974146827740607e-13,0.0,100.0,0.16852665591476843,0.017711916991054406,0.002880772270256245,2.4664108753204346
3,1500.0,999.9999896548688,500.0000065844506,0.0,3.2284725086895026e-10,0.0,814.4250191728153,0.0,185.5749808268619,0.0,-6.167506307015824e-21,0.0,24.999999999999993,0.0,475.0,0.0,-1.7972529782842544e-13,0.0,1.7974146827740607e-13,0.0,100.0,0.16852665588891386,0.017711916837263635,0.002880772281302295,2.4864187240600586
4,1500.0000000149012,999.9999896548688,500.0000065844506,0.0,3.2284725086895026e-10,0.0,814.4250191728153,0.0,185.5749808268619,0.0,1.4860985914298487e-20,0.0,24.99999374477197,0.0,475.000006255228,0.0,-1.7972529782842544e-13,0.0,1.7974146827740607e-13,0.0,100.0,0.16852665588891386,0.017711916837263635,0.002880772281302295,3.375025749206543
5,1500.0,999.99998966977,500.0000065844506,0.0,3.2284725086895026e-10,0.0,814.4250191728153,0.0,185.5749808268619,0.0,1.4860985914298487e-20,0.0,24.99999374477197,0.0,475.000006255228,0.0,-1.7972529782842544e-13,0.0,1.7974146827740607e-13,0.0,100.0,0.1685266558890664,0.017711916837265255,0.002880772281302295,2.492372989654541
6,1500.0,999.9999896548688,500.00000659935176,0.0,3.2284725086895026e-10,0.0,814.4250191728153,0.0,185.5749808268619,0.0,1.4860985914298487e-20,0.0,24.99999374477197,0.0,475.000006255228,0.0,-1.7972529782842544e-13,0.0,1.7974146827740607e-13,0.0,100.0,0.16852665588909527,0.017711916836959118,0.0028807722813273505,2.4893815517425537
7,1500.0,999.9999379291994,500.0000394880858,0.0,3.2284725086895026e-10,0.0,814.4250191728153,0.0,185.5749808268619,0.0,1.4860985914298487e-20,0.0,24.99999374477197,0.0,475.000006255228,0.0,-1.7972529782842544e-13,0.0,1.7974146827740607e-13,0.0,100.0,0.1685266557603215,0.01771191606721957,0.0028807723366265133,3.0040135383605957
8,1500.0000000149012,999.9999379291994,500.0000394880858,0.0,3.2284725086895026e-10,0.0,814.4250191728153,0.0,185.5749808268619,0.0,4.565198705186429e-21,0.0,24.99996248631852,0.0,475.0000375136815,0.0,-1.7972529782842544e-13,0.0,1.7974146827740607e-13,0.0,100.0,0.1685266557603215,0.01771191606721957,0.0028807723366265133,5.018656492233276
9,1500.0,999.9999379441006,500.0000394880858,0.0,3.2284725086895026e-10,0.0,814.4250191728153,0.0,185.5749808268619,0.0,4.565198705186429e-21,0.0,24.99996248631852,0.0,475.0000375136815,0.0,-1.7972529782842544e-13,0.0,1.7974146827740607e-13,0.0,100.0,0.16852665576047407,0.017711916067221188,0.0028807723366265133,2.8493924140930176
10,1500.0,999.9999379291994,500.00003950298697,0.0,3.2284725086895026e-10,0.0,814.4250191728153,0.0,185.5749808268619,0.0,4.565198705186429e-21,0.0,24.99996248631852,0.0,475.0000375136815,0.0,-1.7972529782842544e-13,0.0,1.7974146827740607e-13,0.0,100.0,0.16852665576050285,0.017711916066915055,0.002880772336651569,3.0518856048583984
11,1500.0,999.9996792123127,500.0002040600482,0.0,3.2284725086895026e-10,0.0,814.4250191728153,0.0,185.5749808268619,0.0,4.565198705186429e-21,0.0,24.99996248631852,0.0,475.0000375136815,0.0,-1.7972529782842544e-13,0.0,1.7974146827740607e-13,0.0,100.0,0.1685266551171195,0.017711912215735637,0.002880772613338004,3.018000602722168
12,1500.0000000149012,999.9996792123127,500.0002040600482,0.0,3.2284725086895026e-10,0.0,814.4250191728153,0.0,185.5749808268619,0.0,1.1411686372242296e-20,0.0,24.999806142954235,0.0,475.00019385704576,0.0,-1.7972529782842544e-13,0.0,1.7974146827740607e-13,0.0,100.0,0.1685266551171195,0.017711912215735637,0.002880772613338004,6.3201704025268555
13,1500.0,999.9996792272138,500.0002040600482,0.0,3.2284725086895026e-10,0.0,814.4250191728153,0.0,185.5749808268619,0.0,1.1411686372242296e-20,0.0,24.999806142954235,0.0,475.00019385704576,0.0,-1.7972529782842544e-13,0.0,1.7974146827740607e-13,0.0,100.0,0.16852665511727186,0.017711912215737254,0.002880772613338004,3.2803070545196533
14,1500.0,999.9996792123127,500.00020407494935,0.0,3.2284725086895026e-10,0.0,814.4250191728153,0.0,185.5749808268619,0.0,1.1411686372242296e-20,0.0,24.999806142954235,0.0,475.00019385704576,0.0,-1.7972529782842544e-13,0.0,1.7974146827740607e-13,0.0,100.0,0.16852665511730086,0.01771191221543112,0.0028807726133630585,3.1884891986846924
15,1500.0,999.9983870424771,500.0010260826518,0.0,3.2284725086895026e-10,0.0,814.4250191728153,0.0,185.5749808268619,0.0,1.1411686372242296e-20,0.0,24.999806142954235,0.0,475.00019385704576,0.0,-1.7972529782842544e-13,0.0,1.7974146827740607e-13,0.0,100.0,0.16852665190564925,0.017711892977810336,0.0028807739954868662,2.5990893840789795
16,1500.0000000149012,999.9983870424771,500.0010260826518,0.0,3.2284725086895026e-10,0.0,814.4250191728153,0.0,185.5749808268619,0.0,-7.986674717257375e-22,0.0,24.99902522148082,0.0,475.00097477851915,0.0,-1.7972529782842544e-13,0.0,1.7974146827740607e-13,0.0,100.0,0.16852665190564925,0.017711892977810336,0.0028807739954868662,5.627039909362793
17,1500.0,999.9983870573783,500.0010260826518,0.0,3.2284725086895026e-10,0.0,814.4250191728153,0.0,185.5749808268619,0.0,-7.986674717257375e-22,0.0,24.99902522148082,0.0,475.00097477851915,0.0,-1.7972529782842544e-13,0.0,1.7974146827740607e-13,0.0,100.0,0.16852665190580163,0.017711892977811953,0.0028807739954868662,2.484424591064453
18,1500.0,999.9983870424771,500.00102609755294,0.0,3.2284725086895026e-10,0.0,814.4250191728153,0.0,185.5749808268619,0.0,-7.986674717257375e-22,0.0,24.99902522148082,0.0,475.00097477851915,0.0,-1.7972529782842544e-13,0.0,1.7974146827740607e-13,0.0,100.0,0.16852665190583063,0.017711892977505816,0.002880773995511921,2.5312626361846924
19,1500.0,999.991925884841,500.005136376657,0.0,3.2284725086895026e-10,0.0,814.4250191728153,0.0,185.5749808268619,0.0,-7.986674717257375e-22,0.0,24.99902522148082,0.0,475.00097477851915,0.0,-1.7972529782842544e-13,0.0,1.7974146827740607e-13,0.0,100.0,0.16852663585387373,0.01771179678120737,0.0028807809065128144,2.4854001998901367
20,1500.0000000149012,999.991925884841,500.005136376657,0.0,3.2284725086895026e-10,0.0,814.4250191728153,0.0,185.5749808268619,0.0,7.185534323888416e-22,0.0,24.99512044217588,0.0,475.0048795578241,0.0,-1.7972529782842544e-13,0.0,1.7974146827740607e-13,0.0,100.0,0.16852663585387373,0.01771179678120737,0.0028807809065128144,8.411600351333618
21,1500.0,999.9919258997421,500.005136376657,0.0,3.2284725086895026e-10,0.0,814.4250191728153,0.0,185.5749808268619,0.0,7.185534323888416e-22,0.0,24.99512044217588,0.0,475.0048795578241,0.0,-1.7972529782842544e-13,0.0,1.7974146827740607e-13,0.0,100.0,0.16852663585402622,0.01771179678120899,0.0028807809065128144,3.0329344272613525
22,1500.0,999.991925884841,500.00513639155815,0.0,3.2284725086895026e-10,0.0,814.4250191728153,0.0,185.5749808268619,0.0,7.185534323888416e-22,0.0,24.99512044217588,0.0,475.0048795578241,0.0,-1.7972529782842544e-13,0.0,1.7974146827740607e-13,0.0,100.0,0.1685266358540551,0.017711796780902848,0.002880780906537869,2.793607234954834
23,1500.0,999.9596035106753,500.0256983742099,0.0,3.2284725086895026e-10,0.0,814.4250191728153,0.0,185.5749808268619,0.0,7.185534323888416e-22,0.0,24.99512044217588,0.0,475.0048795578241,0.0,-1.7972529782842544e-13,0.0,1.7974146827740607e-13,0.0,100.0,0.16852655571689698,0.017711315483277642,0.002880815478776105,2.62101149559021
24,1500.0000000149012,999.9596035106753,500.0256983742099,0.0,3.2284725086895026e-10,0.0,814.4250191728153,0.0,185.5749808268619,0.0,1.1817587562946238e-20,0.0,24.97558654450064,0.0,475.02441345549937,0.0,-1.7972529782842544e-13,0.0,1.7974146827740607e-13,0.0,100.0,0.16852655571689698,0.017711315483277642,0.002880815478776105,7.256720542907715
25,1500.0,999.9596035255764,500.0256983742099,0.0,3.2284725086895026e-10,0.0,814.4250191728153,0.0,185.5749808268619,0.0,1.1817587562946238e-20,0.0,24.97558654450064,0.0,475.02441345549937,0.0,-1.7972529782842544e-13,0.0,1.7974146827740607e-13,0.0,100.0,0.16852655571704928,0.01771131548327926,0.002880815478776105,2.5202674865722656
26,1500.0,999.9596035106753,500.0256983891111,0.0,3.2284725086895026e-10,0.0,814.4250191728153,0.0,185.5749808268619,0.0,1.1817587562946238e-20,0.0,24.97558654450064,0.0,475.02441345549937,0.0,-1.7972529782842544e-13,0.0,1.7974146827740607e-13,0.0,100.0,0.16852655571707836,0.01771131548297312,0.002880815478801158,2.5950987339019775
27,1500.0,999.7981235154637,500.12842451961615,0.0,3.2284725086895026e-10,0.0,814.4250191728153,0.0,185.5749808268619,0.0,1.1817587562946238e-20,0.0,24.97558654450064,0.0,475.02441345549937,0.0,-1.7972529782842544e-13,0.0,1.7974146827740607e-13,0.0,100.0,0.168526159442791,0.01770890924454404,0.0028809881849570455,2.8195042610168457
28,1500.0000000149012,999.7981235154637,500.12842451961615,0.0,3.2284725086895026e-10,0.0,814.4250191728153,0.0,185.5749808268619,0.0,-2.9557272375544895e-22,0.0,24.877996706364705,0.0,475.1220032936353,0.0,-1.7972529782842544e-13,0.0,1.7974146827740607e-13,0.0,100.0,0.168526159442791,0.01770890924454404,0.0028809881849570455,8.532338857650757
29,1500.0,999.7981235303648,500.12842451961615,0.0,3.2284725086895026e-10,0.0,814.4250191728153,0.0,185.5749808268619,0.0,-2.9557272375544895e-22,0.0,24.877996706364705,0.0,475.1220032936353,0.0,-1.7972529782842544e-13,0.0,1.7974146827740607e-13,0.0,100.0,0.16852615944294252,0.017708909244545643,0.0028809881849570455,2.6459381580352783
30,1500.0,999.7981235154637,500.1284245345173,0.0,3.2284725086895026e-10,0.0,814.4250191728153,0.0,185.5749808268619,0.0,-2.9557272375544895e-22,0.0,24.877996706364705,0.0,475.1220032936353,0.0,-1.7972529782842544e-13,0.0,1.7974146827740607e-13,0.0,100.0,0.16852615944297245,0.017708909244239512,0.0028809881849820966,2.478433847427368
31,1500.0,998.9937560732482,500.6401262356301,0.0,3.2284725086895026e-10,0.0,814.4250191728153,0.0,185.5749808268619,0.0,-2.9557272375544895e-22,0.0,24.877996706364705,0.0,475.1220032936353,0.0,-1.7972529782842544e-13,0.0,1.7974146827740607e-13,0.0,100.0,0.16852428738919903,0.017696880639093374,0.002881848120942495,2.503319263458252
32,1500.0000000149012,998.9937560732482,500.6401262356301,0.0,3.2284725086895026e-10,0.0,814.4250191728153,0.0,185.5749808268619,0.0,1.8303028214792998e-20,0.0,24.39188007615151,0.0,475.6081199238485,0.0,-1.7972529782842544e-13,0.0,1.7974146827740607e-13,0.0,100.0,0.16852428738919903,0.017696880639093374,0.002881848120942495,9.431951999664307
33,1500.0,998.9937560881493,500.6401262356301,0.0,3.2284725086895026e-10,0.0,814.4250191728153,0.0,185.5749808268619,0.0,1.8303028214792998e-20,0.0,24.39188007615151,0.0,475.6081199238485,0.0,-1.7972529782842544e-13,0.0,1.7974146827740607e-13,0.0,100.0,0.16852428738934774,0.01769688063909492,0.002881848120942495,2.4764084815979004
34,1500.0,998.9937560732482,500.64012625053124,0.0,3.2284725086895026e-10,0.0,814.4250191728153,0.0,185.5749808268619,0.0,1.8303028214792998e-20,0.0,24.39188007615151,0.0,475.6081199238485,0.0,-1.7972529782842544e-13,0.0,1.7974146827740607e-13,0.0,100.0,0.1685242873893806,0.01769688063878886,0.002881848120967529,2.482375144958496
35,1500.0,995.0274361158844,503.1633178549124,0.0,3.2284725086895026e-10,0.0,814.4250191728153,0.0,185.5749808268619,0.0,1.8303028214792998e-20,0.0,24.39188007615151,0.0,475.6081199238485,0.0,-1.7972529782842544e-13,0.0,1.7974146827740607e-13,0.0,100.0,0.1685147351186298,0.01763651739434358,0.0028860798630594327,2.4844257831573486
36,1500.0000000149012,995.0274361158844,503.1633178549124,0.0,2.9237274387181e-17,0.0,811.1637800839993,0.0,188.8362199160006,0.0,6.581477746536048e-21,0.0,21.994848037833272,0.0,478.00515196216674,0.0,-1.7972529782842544e-13,0.0,1.7974146827740607e-13,0.0,100.0,0.1685147351186298,0.01763651739434358,0.0028860798630594327,20.78174662590027
37,1500.0,995.0274361307855,503.1633178549124,0.0,2.9237274387181e-17,0.0,811.1637800839993,0.0,188.8362199160006,0.0,6.581477746536048e-21,0.0,21.994848037833272,0.0,478.00515196216674,0.0,-1.7972529782842544e-13,0.0,1.7974146827740607e-13,0.0,100.0,0.16851473511877857,0.017636517394344863,0.0028860798630594327,2.455465793609619
38,1500.0,995.0274361158844,503.16331786981357,0.0,2.9237274387181e-17,0.0,811.1637800839993,0.0,188.8362199160006,0.0,6.581477746536048e-21,0.0,21.994848037833272,0.0,478.00515196216674,0.0,-1.7972529782842544e-13,0.0,1.7974146827740607e-13,0.0,100.0,0.1685147351188095,0.01763651739403907,0.0028860798630843815,2.4784038066864014
39,1500.0,975.098636470217,515.8411107520508,0.0,2.9237274387181e-17,0.0,811.1637800839993,0.0,188.8362199160006,0.0,6.581477746536048e-21,0.0,21.994848037833272,0.0,478.00515196216674,0.0,-1.7972529782842544e-13,0.0,1.7974146827740607e-13,0.0,100.0,0.1684754000526232,0.01730507168838377,0.002907124208672689,2.47841739654541
40,1500.0000000149012,975.098636470217,515.8411107520508,0.0,-5.8855265784471635e-18,0.0,797.7741146798031,0.0,202.2258853201968,0.0,-6.4933539953896016e-21,0.0,9.950944785558045,0.0,490.0490552144419,0.0,-1.7972529782842544e-13,0.0,1.7974146827740607e-13,0.0,100.0,0.1684754000526232,0.01730507168838377,0.002907124208672689,23.683990240097046
41,1500.0,975.0986364851182,515.8411107520508,0.0,-5.8855265784471635e-18,0.0,797.7741146798031,0.0,202.2258853201968,0.0,-6.4933539953896016e-21,0.0,9.950944785558045,0.0,490.0490552144419,0.0,-1.7972529782842544e-13,0.0,1.7974146827740607e-13,0.0,100.0,0.16847540005275796,0.017305071688384056,0.002907124208672689,2.677905559539795
42,1500.0,975.098636470217,515.8411107669519,0.0,-5.8855265784471635e-18,0.0,797.7741146798031,0.0,202.2258853201968,0.0,-6.4933539953896016e-21,0.0,9.950944785558045,0.0,490.0490552144419,0.0,-1.7972529782842544e-13,0.0,1.7974146827740607e-13,0.0,100.0,0.1684754000527963,0.01730507168796529,0.002907124208697208,2.6718714237213135
43,1500.0,846.5433786092531,597.622142651407,0.0,-5.8855265784471635e-18,0.0,797.7741146798031,0.0,202.2258853201968,0.0,-1.997482253622659e-21,0.0,9.950944771395681,0.0,490.04905522860435,0.0,-1.7972529782842544e-13,0.0,1.7974146827740607e-13,0.0,100.0,0.1684035706253153,0.016456321715570408,0.003033909838398602,2.7078239917755127
44,1500.0000000149012,846.5433786092531,597.622142651407,0.0,-5.207373128597249e-17,0.0,696.1106147540347,0.0,303.88938524596534,0.0,-4.068979763299003e-20,0.0,-4.1186977060240354e-20,0.0,500.0,0.0,-1.7972529782842544e-13,0.0,1.7974146827740607e-13,0.0,100.0,0.1684035706253153,0.016456321715570408,0.003033909838398602,26.887213230133057
45,1500.0,846.5433786241542,597.622142651407,0.0,-5.207373128597249e-17,0.0,696.1106147540347,0.0,303.88938524596534,0.0,-4.068979763299003e-20,0.0,-4.1186977060240354e-20,0.0,500.0,0.0,-1.7972529782842544e-13,0.0,1.7974146827740607e-13,0.0,100.0,0.168403570625429,0.016456321715570408,0.003033909838398602,2.6031100749969482
46,1500.0,846.5433786092531,597.6221426663082,0.0,-5.207373128597249e-17,0.0,696.1106147540347,0.0,303.88938524596534,0.0,-4.068979763299003e-20,0.0,-4.1186977060240354e-20,0.0,500.0,0.0,-1.7972529782842544e-13,0.0,1.7974146827740607e-13,0.0,100.0,0.1684035706254788,0.016456321715576296,0.0030339098384202863,2.8893189430236816
47,1500.0,850.1099950503095,595.3532058939963,0.0,-5.207373128597249e-17,0.0,696.1106147540347,0.0,303.88938524596534,0.0,-4.068979763299003e-20,0.0,-4.1186977060240354e-20,0.0,500.0,0.0,-1.7972529782842544e-13,0.0,1.7974146827740607e-13,0.0,100.0,0.16840574885828893,0.01645574627624473,0.00303060212668816,2.4823670387268066
48,1500.0000000149012,850.1099950503095,595.3532058939963,0.0,1.7724237658398188e-19,0.0,699.3350325670458,0.0,300.6649674329542,0.0,-4.068979763299003e-20,0.0,-4.1186977060240354e-20,0.0,500.0,0.0,-1.7972529782842544e-13,0.0,1.7974146827740607e-13,0.0,100.0,0.16840574885828893,0.01645574627624473,0.00303060212668816,13.006416082382202
49,1500.0,850.1099950652107,595.3532058939963,0.0,1.7724237658398188e-19,0.0,699.3350325670458,0.0,300.6649674329542,0.0,-4.068979763299003e-20,0.0,-4.1186977060240354e-20,0.0,500.0,0.0,-1.7972529782842544e-13,0.0,1.7974146827740607e-13,0.0,100.0,0.1684057488584007,0.01645574627624473,0.00303060212668816,2.505378007888794
50,1500.0,850.1099950503095,595.3532059088975,0.0,1.7724237658398188e-19,0.0,699.3350325670458,0.0,300.6649674329542,0.0,-4.068979763299003e-20,0.0,-4.1186977060240354e-20,0.0,500.0,0.0,-1.7972529782842544e-13,0.0,1.7974146827740607e-13,0.0,100.0,0.16840574885845128,0.01645574627624637,0.0030306021267099206,2.515270709991455
51,1500.0,864.5751542403249,586.1510436527835,0.0,1.7724237658398188e-19,0.0,699.3350325670458,0.0,300.6649674329542,0.0,-4.068979763299003e-20,0.0,-4.1186977060240354e-20,0.0,500.0,0.0,-1.7972529782842544e-13,0.0,1.7974146827740607e-13,0.0,100.0,0.1684121236621845,0.016460603973489772,0.0030170654180803223,2.5482256412506104
52,1500.0000000149012,864.5751542403249,586.1510436527835,0.0,-4.686731624024993e-19,0.0,712.2008277816506,0.0,287.79917221834955,0.0,-4.068979763299003e-20,0.0,-4.1186977060240354e-20,0.0,500.0,0.0,-1.7972529782842544e-13,0.0,1.7974146827740607e-13,0.0,100.0,0.1684121236621845,0.016460603973489772,0.0030170654180803223,18.348145008087158
53,1500.0,864.575154255226,586.1510436527835,0.0,-4.686731624024993e-19,0.0,712.2008277816506,0.0,287.79917221834955,0.0,-4.068979763299003e-20,0.0,-4.1186977060240354e-20,0.0,500.0,0.0,-1.7972529782842544e-13,0.0,1.7974146827740607e-13,0.0,100.0,0.16841212366229044,0.016460603973489772,0.0030170654180803223,3.632326602935791
54,1500.0,864.5751542403249,586.1510436676847,0.0,-4.686731624024993e-19,0.0,712.2008277816506,0.0,287.79917221834955,0.0,-4.068979763299003e-20,0.0,-4.1186977060240354e-20,0.0,500.0,0.0,-1.7972529782842544e-13,0.0,1.7974146827740607e-13,0.0,100.0,0.1684121236623432,0.01646060397347172,0.003017065418102401,3.318161725997925
55,1500.0,860.5756155429519,588.6953760660747,0.0,-4.686731624024993e-19,0.0,712.2008277816506,0.0,287.79917221834955,0.0,-4.068979763299003e-20,0.0,-4.1186977060240354e-20,0.0,500.0,0.0,-1.7972529782842544e-13,0.0,1.7974146827740607e-13,0.0,100.0,0.16841070423531151,0.01645802615103847,0.0030208277751517126,3.3072173595428467
56,1500.0000000149012,860.5756155429519,588.6953760660747,0.0,-1.9077919405263057e-19,0.0,708.6884958358218,0.0,291.3115041641783,0.0,-4.068979763299003e-20,0.0,-4.1186977060240354e-20,0.0,500.0,0.0,-1.7972529782842544e-13,0.0,1.7974146827740607e-13,0.0,100.0,0.16841070423531151,0.01645802615103847,0.0030208277751517126,15.53659701347351
57,1500.0,860.5756155578531,588.6953760660747,0.0,-1.9077919405263057e-19,0.0,708.6884958358218,0.0,291.3115041641783,0.0,-4.068979763299003e-20,0.0,-4.1186977060240354e-20,0.0,500.0,0.0,-1.7972529782842544e-13,0.0,1.7974146827740607e-13,0.0,100.0,0.16841070423541876,0.01645802615103847,0.0030208277751517126,2.6369941234588623
58,1500.0,860.5756155429519,588.6953760809758,0.0,-1.9077919405263057e-19,0.0,708.6884958358218,0.0,291.3115041641783,0.0,-4.068979763299003e-20,0.0,-4.1186977060240354e-20,0.0,500.0,0.0,-1.7972529782842544e-13,0.0,1.7974146827740607e-13,0.0,100.0,0.16841070423547105,0.016458026151026293,0.0030208277751737032,2.710780143737793
59,1500.0,861.2301264047596,588.2789888805283,0.0,-1.9077919405263057e-19,0.0,708.6884958358218,0.0,291.3115041641783,0.0,-4.068979763299003e-20,0.0,-4.1186977060240354e-20,0.0,500.0,0.0,-1.7972529782842544e-13,0.0,1.7974146827740607e-13,0.0,100.0,0.1684110272416543,0.016458379942562506,0.003020213079299554,2.872365713119507
60,1500.0,860.6587182065074,588.6425077544723,0.0,-1.9077919405263057e-19,0.0,708.6884958358218,0.0,291.3115041641783,0.0,-4.068979763299003e-20,0.0,-4.1186977060240354e-20,0.0,500.0,0.0,-1.7972529782842544e-13,0.0,1.7974146827740607e-13,0.0,100.0,0.1684107372521912,0.016458069622591373,0.003020749749973583,2.855363368988037
61,1500.0000000149012,860.6587182065074,588.6425077544723,0.0,-1.9077919405263057e-19,0.0,708.6884958358218,0.0,291.3115041641783,0.0,-4.068979763299003e-20,0.0,-4.1186977060240354e-20,0.0,500.0,0.0,-1.7972529782842544e-13,0.0,1.7974146827740607e-13,0.0,100.0,0.1684107372521912,0.016458069622591373,0.003020749749973583,2.901271104812622
62,1500.0,860.6587182214085,588.6425077544723,0.0,-1.9077919405263057e-19,0.0,708.6884958358218,0.0,291.3115041641783,0.0,-4.068979763299003e-20,0.0,-4.1186977060240354e-20,0.0,500.0,0.0,-1.7972529782842544e-13,0.0,1.7974146827740607e-13,0.0,100.0,0.16841073725229883,0.016458069622591373,0.003020749749973583,2.467500925064087
63,1500.0,860.6587182065074,588.6425077693734,0.0,-1.9077919405263057e-19,0.0,708.6884958358218,0.0,291.3115041641783,0.0,-4.068979763299003e-20,0.0,-4.1186977060240354e-20,0.0,500.0,0.0,-1.7972529782842544e-13,0.0,1.7974146827740607e-13,0.0,100.0,0.16841073725235076,0.016458069622579046,0.0030207497499955757,2.508331775665283
64,1500.0,860.6627014817815,588.6399575748617,0.0,-1.9077919405263057e-19,0.0,708.6884958358218,0.0,291.3115041641783,0.0,-4.068979763299003e-20,0.0,-4.1186977060240354e-20,0.0,500.0,0.0,-1.7972529782842544e-13,0.0,1.7974146827740607e-13,0.0,100.0,0.16841073872098594,0.016458071730131463,0.0030207459861527628,2.4115989208221436
65,1500.0000000149012,860.6627014817815,588.6399575748617,0.0,-1.9077919405263057e-19,0.0,708.6884958358218,0.0,291.3115041641783,0.0,-4.068979763299003e-20,0.0,-4.1186977060240354e-20,0.0,500.0,0.0,-1.7972529782842544e-13,0.0,1.7974146827740607e-13,0.0,100.0,0.16841073872098594,0.016458071730131463,0.0030207459861527628,2.49133038520813
66,1500.0,860.6627014966826,588.6399575748617,0.0,-1.9077919405263057e-19,0.0,708.6884958358218,0.0,291.3115041641783,0.0,-4.068979763299003e-20,0.0,-4.1186977060240354e-20,0.0,500.0,0.0,-1.7972529782842544e-13,0.0,1.7974146827740607e-13,0.0,100.0,0.1684107387210936,0.016458071730131463,0.0030207459861527628,2.552227020263672
67,1500.0,860.6627014817815,588.6399575897628,0.0,-1.9077919405263057e-19,0.0,708.6884958358218,0.0,291.3115041641783,0.0,-4.068979763299003e-20,0.0,-4.1186977060240354e-20,0.0,500.0,0.0,-1.7972529782842544e-13,0.0,1.7974146827740607e-13,0.0,100.0,0.1684107387211455,0.01645807173011914,0.003020745986174756,2.456446886062622
68,1500.0,860.6614868029887,588.6406337457032,0.0,-1.9077919405263057e-19,0.0,708.6884958358218,0.0,291.3115041641783,0.0,-4.068979763299003e-20,0.0,-4.1186977060240354e-20,0.0,500.0,0.0,-1.7972529782842544e-13,0.0,1.7974146827740607e-13,0.0,100.0,0.16841073718567998,0.016458071171229556,0.003020746984117617,2.4853994846343994
69,1500.0000000149012,860.6614868029887,588.6406337457032,0.0,-1.9077919405263057e-19,0.0,708.6884958358218,0.0,291.3115041641783,0.0,-4.068979763299003e-20,0.0,-4.1186977060240354e-20,0.0,500.0,0.0,-1.7972529782842544e-13,0.0,1.7974146827740607e-13,0.0,100.0,0.16841073718567998,0.016458071171229556,0.003020746984117617,2.447474956512451
70,1500.0,860.6614868178899,588.6406337457032,0.0,-1.9077919405263057e-19,0.0,708.6884958358218,0.0,291.3115041641783,0.0,-4.068979763299003e-20,0.0,-4.1186977060240354e-20,0.0,500.0,0.0,-1.7972529782842544e-13,0.0,1.7974146827740607e-13,0.0,100.0,0.16841073718578764,0.016458071171229556,0.003020746984117617,2.4594242572784424
71,1500.0,860.6614868029887,588.6406337606044,0.0,-1.9077919405263057e-19,0.0,708.6884958358218,0.0,291.3115041641783,0.0,-4.068979763299003e-20,0.0,-4.1186977060240354e-20,0.0,500.0,0.0,-1.7972529782842544e-13,0.0,1.7974146827740607e-13,0.0,100.0,0.16841073718583954,0.016458071171217246,0.0030207469841396105,2.421550750732422
72,1500.0,860.6817661595944,588.627227433834,0.0,-1.9077919405263057e-19,0.0,708.6884958358218,0.0,291.3115041641783,0.0,-4.068979763299003e-20,0.0,-4.1186977060240354e-20,0.0,500.0,0.0,-1.7972529782842544e-13,0.0,1.7974146827740607e-13,0.0,100.0,0.16841074020817565,0.016458082265311764,0.0030207271974592707,2.4914212226867676
73,1500.0000000149012,860.6817661595944,588.627227433834,0.0,-1.9077919405263057e-19,0.0,708.6884958358218,0.0,291.3115041641783,0.0,-4.068979763299003e-20,0.0,-4.1186977060240354e-20,0.0,500.0,0.0,-1.7972529782842544e-13,0.0,1.7974146827740607e-13,0.0,100.0,0.16841074020817565,0.016458082265311764,0.0030207271974592707,2.4823644161224365
74,1500.0,860.6817661744956,588.627227433834,0.0,-1.9077919405263057e-19,0.0,708.6884958358218,0.0,291.3115041641783,0.0,-4.068979763299003e-20,0.0,-4.1186977060240354e-20,0.0,500.0,0.0,-1.7972529782842544e-13,0.0,1.7974146827740607e-13,0.0,100.0,0.16841074020828345,0.016458082265311764,0.0030207271974592707,2.8174943923950195
75,1500.0,860.6817661595944,588.6272274487352,0.0,-1.9077919405263057e-19,0.0,708.6884958358218,0.0,291.3115041641783,0.0,-4.068979763299003e-20,0.0,-4.1186977060240354e-20,0.0,500.0,0.0,-1.7972529782842544e-13,0.0,1.7974146827740607e-13,0.0,100.0,0.16841074020833519,0.01645808226529943,0.003020727197481264,2.608086109161377
76,1500.0,860.6671927883563,588.6334176633964,0.0,-1.9077919405263057e-19,0.0,708.6884958358218,0.0,291.3115041641783,0.0,-4.068979763299003e-20,0.0,-4.1186977060240354e-20,0.0,500.0,0.0,-1.7972529782842544e-13,0.0,1.7974146827740607e-13,0.0,100.0,0.16841070114222728,0.01645807713937024,0.0030207363338012132,2.4444568157196045
77,1500.0000000149012,860.6671927883563,588.6334176633964,0.0,-1.9077919405263057e-19,0.0,708.6884958358218,0.0,291.3115041641783,0.0,-4.068979763299003e-20,0.0,-4.1186977060240354e-20,0.0,500.0,0.0,-1.7972529782842544e-13,0.0,1.7974146827740607e-13,0.0,100.0,0.16841070114222728,0.01645807713937024,0.0030207363338012132,2.6339879035949707
78,1500.0,860.6671928032574,588.6334176633964,0.0,-1.9077919405263057e-19,0.0,708.6884958358218,0.0,291.3115041641783,0.0,-4.068979763299003e-20,0.0,-4.1186977060240354e-20,0.0,500.0,0.0,-1.7972529782842544e-13,0.0,1.7974146827740607e-13,0.0,100.0,0.16841070114233495,0.01645807713937024,0.0030207363338012132,3.527606248855591
79,1500.0,860.6671927883563,588.6334176782975,0.0,-1.9077919405263057e-19,0.0,708.6884958358218,0.0,291.3115041641783,0.0,-4.068979763299003e-20,0.0,-4.1186977060240354e-20,0.0,500.0,0.0,-1.7972529782842544e-13,0.0,1.7974146827740607e-13,0.0,100.0,0.16841070114238688,0.016458077139357916,0.003020736333823206,3.6754417419433594
80,1500.0,860.7207133652294,588.583255137234,0.0,-1.9077919405263057e-19,0.0,708.6884958358218,0.0,291.3115041641783,0.0,-4.068979763299003e-20,0.0,-4.1186977060240354e-20,0.0,500.0,0.0,-1.7972529782842544e-13,0.0,1.7974146827740607e-13,0.0,100.0,0.1684105512279535,0.01645811884346287,0.0030206622949041184,3.3840115070343018
81,1500.0000000149012,860.7207133652294,588.583255137234,0.0,-1.9077919405263057e-19,0.0,708.6884958358218,0.0,291.3115041641783,0.0,-4.068979763299003e-20,0.0,-4.1186977060240354e-20,0.0,500.0,0.0,-1.7972529782842544e-13,0.0,1.7974146827740607e-13,0.0,100.0,0.1684105512279535,0.01645811884346287,0.0030206622949041184,2.5093228816986084
82,1500.0,860.7207133801305,588.583255137234,0.0,-1.9077919405263057e-19,0.0,708.6884958358218,0.0,291.3115041641783,0.0,-4.068979763299003e-20,0.0,-4.1186977060240354e-20,0.0,500.0,0.0,-1.7972529782842544e-13,0.0,1.7974146827740607e-13,0.0,100.0,0.16841055122806148,0.01645811884346287,0.0030206622949041184,2.4324917793273926
83,1500.0,860.7207133652294,588.5832551521352,0.0,-1.9077919405263057e-19,0.0,708.6884958358218,0.0,291.3115041641783,0.0,-4.068979763299003e-20,0.0,-4.1186977060240354e-20,0.0,500.0,0.0,-1.7972529782842544e-13,0.0,1.7974146827740607e-13,0.0,100.0,0.16841055122811308,0.016458118843450407,0.0030206622949261125,2.862374782562256
84,1500.0,860.7465701658059,588.484333052809,0.0,-1.9077919405263057e-19,0.0,708.6884958358218,0.0,291.3115041641783,0.0,-4.068979763299003e-20,0.0,-4.1186977060240354e-20,0.0,500.0,0.0,-1.7972529782842544e-13,0.0,1.7974146827740607e-13,0.0,100.0,0.16840967923402314,0.016458202196491283,0.0030205162708207057,3.041898488998413
85,1500.0000000149012,860.7465701658059,588.484333052809,0.0,-1.9077919405263057e-19,0.0,708.6884958358218,0.0,291.3115041641783,0.0,-4.068979763299003e-20,0.0,-4.1186977060240354e-20,0.0,500.0,0.0,-1.7972529782842544e-13,0.0,1.7974146827740607e-13,0.0,100.0,0.16840967923402314,0.016458202196491283,0.0030205162708207057,2.4813926219940186
86,1500.0,860.7465701807071,588.484333052809,0.0,-1.9077919405263057e-19,0.0,708.6884958358218,0.0,291.3115041641783,0.0,-4.068979763299003e-20,0.0,-4.1186977060240354e-20,0.0,500.0,0.0,-1.7972529782842544e-13,0.0,1.7974146827740607e-13,0.0,100.0,0.1684096792341312,0.016458202196491283,0.0030205162708207057,2.5173330307006836
87,1500.0,860.7465701658059,588.4843330677102,0.0,-1.9077919405263057e-19,0.0,708.6884958358218,0.0,291.3115041641783,0.0,-4.068979763299003e-20,0.0,-4.1186977060240354e-20,0.0,500.0,0.0,-1.7972529782842544e-13,0.0,1.7974146827740607e-13,0.0,100.0,0.1684096792341827,0.016458202196478602,0.0030205162708427033,2.4814159870147705
88,1500.0,860.7516367686551,588.0690785450819,0.0,-1.9077919405263057e-19,0.0,708.6884958358218,0.0,291.3115041641783,0.0,-4.068979763299003e-20,0.0,-4.1186977060240354e-20,0.0,500.0,0.0,-1.7972529782842544e-13,0.0,1.7974146827740607e-13,0.0,100.0,0.16840526726725163,0.01645856825224444,0.0030199030450720646,2.641936779022217
89,1500.0000000149012,860.7516367686551,588.0690785450819,0.0,-1.9077919405263057e-19,0.0,708.6884958358218,0.0,291.3115041641783,0.0,-4.068979763299003e-20,0.0,-4.1186977060240354e-20,0.0,500.0,0.0,-1.7972529782842544e-13,0.0,1.7974146827740607e-13,0.0,100.0,0.16840526726725163,0.01645856825224444,0.0030199030450720646,2.62504506111145
90,1500.0,860.7516367835563,588.0690785450819,0.0,-1.9077919405263057e-19,0.0,708.6884958358218,0.0,291.3115041641783,0.0,-4.068979763299003e-20,0.0,-4.1186977060240354e-20,0.0,500.0,0.0,-1.7972529782842544e-13,0.0,1.7974146827740607e-13,0.0,100.0,0.16840526726735963,0.01645856825224444,0.0030199030450720646,2.841398239135742
91,1500.0,860.7516367686551,588.069078559983,0.0,-1.9077919405263057e-19,0.0,708.6884958358218,0.0,291.3115041641783,0.0,-4.068979763299003e-20,0.0,-4.1186977060240354e-20,0.0,500.0,0.0,-1.7972529782842544e-13,0.0,1.7974146827740607e-13,0.0,100.0,0.16840526726741128,0.01645856825223084,0.003019903045094077,2.4674594402313232
92,1500.0,860.5291003741464,586.1589586237794,0.0,-1.9077919405263057e-19,0.0,708.6884958358218,0.0,291.3115041641783,0.0,-4.068979763299003e-20,0.0,-4.1186977060240354e-20,0.0,500.0,0.0,-1.7972529782842544e-13,0.0,1.7974146827740607e-13,0.0,100.0,0.16838316762718059,0.016460594387113177,0.003017077145336094,2.5423433780670166
93,1500.0000000149012,860.5291003741464,586.1589586237794,0.0,-1.9077919405263057e-19,0.0,708.6884958358218,0.0,291.3115041641783,0.0,-4.068979763299003e-20,0.0,-4.1186977060240354e-20,0.0,500.0,0.0,-1.7972529782842544e-13,0.0,1.7974146827740607e-13,0.0,100.0,0.16838316762718059,0.016460594387113177,0.003017077145336094,2.88032865524292
94,1500.0,860.5291003890476,586.1589586237794,0.0,-1.9077919405263057e-19,0.0,708.6884958358218,0.0,291.3115041641783,0.0,-4.068979763299003e-20,0.0,-4.1186977060240354e-20,0.0,500.0,0.0,-1.7972529782842544e-13,0.0,1.7974146827740607e-13,0.0,100.0,0.16838316762728744,0.016460594387113177,0.003017077145336094,2.940168619155884
95,1500.0,860.5291003741464,586.1589586386806,0.0,-1.9077919405263057e-19,0.0,708.6884958358218,0.0,291.3115041641783,0.0,-4.068979763299003e-20,0.0,-4.1186977060240354e-20,0.0,500.0,0.0,-1.7972529782842544e-13,0.0,1.7974146827740607e-13,0.0,100.0,0.16838316762734062,0.016460594387095143,0.0030170771453581716,3.6851844787597656
96,1500.0,858.6462065364882,577.3082987753049,0.0,-1.9077919405263057e-19,0.0,708.6884958358218,0.0,291.3115041641783,0.0,-4.068979763299003e-20,0.0,-4.1186977060240354e-20,0.0,500.0,0.0,-1.7972529782842544e-13,0.0,1.7974146827740607e-13,0.0,100.0,0.1682730102424363,0.0164779709666882,0.0030038727619427145,2.5901031494140625
97,1500.0000000149012,858.6462065364882,577.3082987753049,0.0,5.503739450900854e-19,0.0,705.9758545914191,0.0,294.0241454085809,0.0,-4.068979763299003e-20,0.0,-4.1186977060240354e-20,0.0,500.0,0.0,-1.7972529782842544e-13,0.0,1.7974146827740607e-13,0.0,100.0,0.1682730102424363,0.0164779709666882,0.0030038727619427145,13.437212944030762
98,1500.0,858.6462065513894,577.3082987753049,0.0,5.503739450900854e-19,0.0,705.9758545914191,0.0,294.0241454085809,0.0,-4.068979763299003e-20,0.0,-4.1186977060240354e-20,0.0,500.0,0.0,-1.7972529782842544e-13,0.0,1.7974146827740607e-13,0.0,100.0,0.1682730102425504,0.0164779709666882,0.0030038727619427145,2.536243438720703
99,1500.0,858.6462065364882,577.3082987902061,0.0,5.503739450900854e-19,0.0,705.9758545914191,0.0,294.0241454085809,0.0,-4.068979763299003e-20,0.0,-4.1186977060240354e-20,0.0,500.0,0.0,-1.7972529782842544e-13,0.0,1.7974146827740607e-13,0.0,100.0,0.16827301024260005,0.01647797096664694,0.0030038727619650985,2.5731492042541504
100,1500.0,838.2226188004918,539.2338867796472,0.0,5.503739450900854e-19,0.0,705.9758545914191,0.0,294.0241454085809,0.0,-4.068979763299003e-20,0.0,-4.1186977060240354e-20,0.0,500.0,0.0,-1.7972529782842544e-13,0.0,1.7974146827740607e-13,0.0,100.0,0.1675527312179789,0.016770691843404986,0.0029449839090713924,3.578467607498169
101,1500.0000000149012,838.2226188004918,539.2338867796472,0.0,3.783769971289114e-17,0.0,658.3168127595379,0.0,341.683187240462,0.0,-4.068979763299003e-20,0.0,-4.1186977060240354e-20,0.0,500.0,0.0,-1.7972529782842544e-13,0.0,1.7974146827740607e-13,0.0,100.0,0.1675527312179789,0.016770691843404986,0.0029449839090713924,17.90232229232788
102,1500.0,838.2226188153929,539.2338867796472,0.0,3.783769971289114e-17,0.0,658.3168127595379,0.0,341.683187240462,0.0,-4.068979763299003e-20,0.0,-4.1186977060240354e-20,0.0,500.0,0.0,-1.7972529782842544e-13,0.0,1.7974146827740607e-13,0.0,100.0,0.16755273121823566,0.016770691843404986,0.0029449839090713924,3.078798532485962
103,1500.0,838.2226188004918,539.2338867945483,0.0,3.783769971289114e-17,0.0,658.3168127595379,0.0,341.683187240462,0.0,-4.068979763299003e-20,0.0,-4.1186977060240354e-20,0.0,500.0,0.0,-1.7972529782842544e-13,0.0,1.7974146827740607e-13,0.0,100.0,0.1675527312182452,0.016770691843194938,0.002944983909095103,2.7985787391662598
104,1500.0,476.8692296407349,96.6077474697359,0.0,3.783769971289114e-17,0.0,658.3168127595379,0.0,341.683187240462,0.0,-4.068979763299003e-20,0.0,-4.1186977060240354e-20,0.0,500.0,0.0,-1.7972529782842544e-13,0.0,1.7974146827740607e-13,0.0,100.0,0.17541399864883425,0.018294001871089573,0.002430992011384452,3.1147091388702393
105,1500.0,749.2693664691207,430.27397152868474,0.0,608.8646629906689,0.0,391.13533700933095,0.0,1.3736114861814182e-13,0.0,46.97423184130656,0.0,453.02576815869344,0.0,1.0029018326256686e-14,0.0,7.958139237250169e-20,0.0,8.22263997328876,0.0,91.77736002671124,0.17999308396208458,0.017016187521966604,0.0027584869599252136,61.42553496360779
106,1500.0,829.3272935673547,528.3378952545509,0.0,608.8646629906689,0.0,391.13533700933095,0.0,1.3736114861814182e-13,0.0,5.327807422669806e-14,0.0,499.99999999999994,0.0,-1.0926725019580474e-19,0.0,-5.342076372330657e-20,0.0,5.786293820930939e-20,0.0,100.0,0.18082057710371585,0.01730255595525335,0.00292750743615183,17.14647102355957
107,1500.0,837.333086277178,538.1442876271375,0.0,643.9464629999882,0.0,356.05353700001194,0.0,3.503758729656531e-18,0.0,5.327807422669806e-14,0.0,499.99999999999994,0.0,-1.0926725019580474e-19,0.0,-5.342076372330657e-20,0.0,5.786293820930939e-20,0.0,100.0,0.18090744010010731,0.017327279402084422,0.0029432487213826744,15.435951471328735
108,1500.0,838.1336655481604,539.1249268643962,0.0,643.9464629999882,0.0,356.05353700001194,0.0,3.503758729656531e-18,0.0,5.327807422669806e-14,0.0,499.99999999999994,0.0,-1.0926725019580474e-19,0.0,-5.342076372330657e-20,0.0,5.786293820930939e-20,0.0,100.0,0.18091615728737723,0.017329716775454845,0.002944810515112573,2.5212604999542236
109,1500.0,838.2137234752587,539.222990788122,0.0,643.9464629999882,0.0,356.05353700001194,0.0,3.503758729656531e-18,0.0,5.327807422669806e-14,0.0,499.99999999999994,0.0,-1.0926725019580474e-19,0.0,-5.342076372330657e-20,0.0,5.786293820930939e-20,0.0,100.0,0.18091702932181475,0.01732996016864803,0.0029449665709237864,2.9352099895477295
110,1500.0,838.2217292679685,539.2327971804947,0.0,643.9464629999882,0.0,356.05353700001194,0.0,3.503758729656531e-18,0.0,5.327807422669806e-14,0.0,499.99999999999994,0.0,-1.0926725019580474e-19,0.0,-5.342076372330657e-20,0.0,5.786293820930939e-20,0.0,100.0,0.18091711652842213,0.01732998450453155,0.002944982175269114,2.8753437995910645
111,1500.0,838.2225298472395,539.2337778197319,0.0,643.9464629999882,0.0,356.05353700001194,0.0,3.503758729656531e-18,0.0,5.327807422669806e-14,0.0,499.99999999999994,0.0,-1.0926725019580474e-19,0.0,-5.342076372330657e-20,0.0,5.786293820930939e-20,0.0,100.0,0.18091712524911455,0.017329986938085556,0.002944983735691289,2.9152286052703857
112,1500.0,838.2226099051666,539.2338758836556,0.0,643.9464629999882,0.0,356.05353700001194,0.0,3.503758729656531e-18,0.0,5.327807422669806e-14,0.0,499.99999999999994,0.0,-1.0926725019580474e-19,0.0,-5.342076372330657e-20,0.0,5.786293820930939e-20,0.0,100.0,0.1809171261211841,0.017329987181440597,0.0029449838917333833,2.766615867614746
113,1500.0,838.2226179109592,539.2338856900479,0.0,643.9464629999882,0.0,356.05353700001194,0.0,3.503758729656531e-18,0.0,5.327807422669806e-14,0.0,499.99999999999994,0.0,-1.0926725019580474e-19,0.0,-5.342076372330657e-20,0.0,5.786293820930939e-20,0.0,100.0,0.18091712620839107,0.017329987205776106,0.002944983907337591,2.708782911300659
114,1500.0,838.2226187115385,539.2338866706872,0.0,643.9464629999882,0.0,356.05353700001194,0.0,3.503758729656531e-18,0.0,5.327807422669806e-14,0.0,499.99999999999994,0.0,-1.0926725019580474e-19,0.0,-5.342076372330657e-20,0.0,5.786293820930939e-20,0.0,100.0,0.18091712621711176,0.017329987208209652,0.0029449839088980124,2.6090409755706787
115,1500.0000000149012,838.2226187115385,539.2338866706872,0.0,643.9464629999882,0.0,356.05353700001194,0.0,3.503758729656531e-18,0.0,5.327807422669806e-14,0.0,499.99999999999994,0.0,-1.0926725019580474e-19,0.0,-5.342076372330657e-20,0.0,5.786293820930939e-20,0.0,100.0,0.1809171262172729,0.017329987208209652,0.0029449839088980124,2.461442470550537
116,1500.0,838.2226187264397,539.2338866706872,0.0,643.9464629999882,0.0,356.05353700001194,0.0,3.503758729656531e-18,0.0,5.327807422669806e-14,0.0,499.99999999999994,0.0,-1.0926725019580474e-19,0.0,-5.342076372330657e-20,0.0,5.786293820930939e-20,0.0,100.0,0.18091712621727407,0.017329987208254957,0.0029449839088980124,2.5581767559051514
117,1500.0,838.2226187115385,539.2338866855883,0.0,643.9464629999882,0.0,356.05353700001194,0.0,3.503758729656531e-18,0.0,5.327807422669806e-14,0.0,499.99999999999994,0.0,-1.0926725019580474e-19,0.0,-5.342076372330657e-20,0.0,5.786293820930939e-20,0.0,100.0,0.18091712621711176,0.017329987208209652,0.002944983908921723,2.854384183883667
118,1499.9999675162107,831.2156237818128,545.3528209217924,0.0,643.9464629999882,0.0,356.05353700001194,0.0,3.503758729656531e-18,0.0,5.327807422669806e-14,0.0,499.99999999999994,0.0,-1.0926725019580474e-19,0.0,-5.342076372330657e-20,0.0,5.786293820930939e-20,0.0,100.0,0.18084101546030806,0.01730844549050498,0.0029546767580451204,2.801511287689209
119,1499.999967531112,831.2156237818128,545.3528209217924,0.0,643.9464629999882,0.0,356.05353700001194,0.0,3.503758729656531e-18,0.0,5.327807422669806e-14,0.0,499.99999999999994,0.0,-1.0926725019580474e-19,0.0,-5.342076372330657e-20,0.0,5.786293820930939e-20,0.0,100.0,0.18084101546046927,0.01730844549050498,0.0029546767580451204,2.6708767414093018
120,1499.9999675162107,831.215623796714,545.3528209217924,0.0,643.9464629999882,0.0,356.05353700001194,0.0,3.503758729656531e-18,0.0,5.327807422669806e-14,0.0,499.99999999999994,0.0,-1.0926725019580474e-19,0.0,-5.342076372330657e-20,0.0,5.786293820930939e-20,0.0,100.0,0.18084101546046946,0.017308445490551317,0.0029546767580451204,2.961104154586792
121,1499.9999675162107,831.2156237818128,545.3528209366935,0.0,643.9464629999882,0.0,356.05353700001194,0.0,3.503758729656531e-18,0.0,5.327807422669806e-14,0.0,499.99999999999994,0.0,-1.0926725019580474e-19,0.0,-5.342076372330657e-20,0.0,5.786293820930939e-20,0.0,100.0,0.18084101546030806,0.01730844549050498,0.0029546767580686186,2.8364386558532715
122,1499.9998051240598,796.1228342812014,575.997980471217,0.0,643.9464629999882,0.0,356.05353700001194,0.0,3.503758729656531e-18,0.0,5.327807422669806e-14,0.0,499.99999999999994,0.0,-1.0926725019580474e-19,0.0,-5.342076372330657e-20,0.0,5.786293820930939e-20,0.0,100.0,0.18046554150550273,0.01719275761853153,0.0030019024149889623,2.8234715461730957
123,1499.999805138961,796.1228342812014,575.997980471217,0.0,643.9464629999882,0.0,356.05353700001194,0.0,3.503758729656531e-18,0.0,5.327807422669806e-14,0.0,499.99999999999994,0.0,-1.0926725019580474e-19,0.0,-5.342076372330657e-20,0.0,5.786293820930939e-20,0.0,100.0,0.1804655415056639,0.01719275761853153,0.0030019024149889623,3.050083875656128
124,1499.9998051240598,796.1228342961026,575.997980471217,0.0,643.9464629999882,0.0,356.05353700001194,0.0,3.503758729656531e-18,0.0,5.327807422669806e-14,0.0,499.99999999999994,0.0,-1.0926725019580474e-19,0.0,-5.342076372330657e-20,0.0,5.786293820930939e-20,0.0,100.0,0.18046554150566047,0.017192757618583573,0.0030019024149889623,3.0907435417175293
125,1499.9998051240598,796.1228342812014,575.9979804861182,0.0,643.9464629999882,0.0,356.05353700001194,0.0,3.503758729656531e-18,0.0,5.327807422669806e-14,0.0,499.99999999999994,0.0,-1.0926725019580474e-19,0.0,-5.342076372330657e-20,0.0,5.786293820930939e-20,0.0,100.0,0.18046554150550273,0.01719275761853153,0.0030019024150113923,3.0100057125091553
126,1499.9989825425919,617.8740609498288,731.6556641287085,0.0,643.9464629999882,0.0,356.05353700001194,0.0,3.503758729656531e-18,0.0,5.327807422669806e-14,0.0,499.99999999999994,0.0,-1.0926725019580474e-19,0.0,-5.342076372330657e-20,0.0,5.786293820930939e-20,0.0,100.0,0.1768730803043001,0.016485798001037,0.0032094030794695364,2.6179871559143066
127,1499.998982557493,617.8740609498288,731.6556641287085,0.0,501.5130108913952,0.0,498.48698910860475,0.0,2.3579959477142536e-19,0.0,5.327807422669806e-14,0.0,499.99999999999994,0.0,-1.0926725019580474e-19,0.0,-5.342076372330657e-20,0.0,5.786293820930939e-20,0.0,100.0,0.1768730803044959,0.016485798001037,0.0032094030794695364,20.261152029037476
128,1499.9989825425919,617.87406096473,731.6556641287085,0.0,501.5130108913952,0.0,498.48698910860475,0.0,2.3579959477142536e-19,0.0,5.327807422669806e-14,0.0,499.99999999999994,0.0,-1.0926725019580474e-19,0.0,-5.342076372330657e-20,0.0,5.786293820930939e-20,0.0,100.0,0.17687308030448562,0.016485798001072065,0.0032094030794695364,2.959071397781372
129,1499.9989825425919,617.8740609498288,731.6556641436097,0.0,501.5130108913952,0.0,498.48698910860475,0.0,2.3579959477142536e-19,0.0,5.327807422669806e-14,0.0,499.99999999999994,0.0,-1.0926725019580474e-19,0.0,-5.342076372330657e-20,0.0,5.786293820930939e-20,0.0,100.0,0.1768730803043001,0.016485798001037,0.00320940307948701,2.611037492752075
130,1499.996124750664,0.0,1271.2209023616765,0.0,501.5130108913952,0.0,498.48698910860475,0.0,2.3579959477142536e-19,0.0,5.327807422669806e-14,0.0,499.99999999999994,0.0,-1.0926725019580474e-19,0.0,-5.342076372330657e-20,0.0,5.786293820930939e-20,0.0,100.0,,,,2.4554877281188965
131,1499.998696763399,556.086654854846,785.6121879520053,0.0,501.5130108913952,0.0,498.48698910860475,0.0,2.3579959477142536e-19,0.0,5.327807422669806e-14,0.0,499.99999999999994,0.0,-1.0926725019580474e-19,0.0,-5.342076372330657e-20,0.0,5.786293820930939e-20,0.0,100.0,0.1761606267197201,0.016587744189329928,0.0032700126507709615,2.624006986618042
132,1499.9986967783002,556.086654854846,785.6121879520053,0.0,547.7608384093302,0.0,452.2391615906699,0.0,-1.0357842329920693e-17,0.0,5.327807422669806e-14,0.0,499.99999999999994,0.0,-1.0926725019580474e-19,0.0,-5.342076372330657e-20,0.0,5.786293820930939e-20,0.0,100.0,0.17616062671990396,0.016587744189329928,0.0032700126507709615,16.913865089416504
133,1499.998696763399,556.0866548697471,785.6121879520053,0.0,547.7608384093302,0.0,452.2391615906699,0.0,-1.0357842329920693e-17,0.0,5.327807422669806e-14,0.0,499.99999999999994,0.0,-1.0926725019580474e-19,0.0,-5.342076372330657e-20,0.0,5.786293820930939e-20,0.0,100.0,0.17616062671987795,0.01658774418921121,0.0032700126507709615,3.062117576599121
134,1499.998696763399,556.086654854846,785.6121879669065,0.0,547.7608384093302,0.0,452.2391615906699,0.0,-1.0357842329920693e-17,0.0,5.327807422669806e-14,0.0,499.99999999999994,0.0,-1.0926725019580474e-19,0.0,-5.342076372330657e-20,0.0,5.786293820930939e-20,0.0,100.0,0.1761606267197201,0.016587744189329928,0.003270012650786989,2.639962911605835
135,1499.9986416445975,547.4712445094051,793.1356448892294,0.0,547.7608384093302,0.0,452.2391615906699,0.0,-1.0357842329920693e-17,0.0,5.327807422669806e-14,0.0,499.99999999999994,0.0,-1.0926725019580474e-19,0.0,-5.342076372330657e-20,0.0,5.786293820930939e-20,0.0,100.0,0.17607053578706802,0.01666838291260113,0.0032780566866976585,2.6629245281219482
136,1499.998666245948,551.3165881009617,789.7776763468237,0.0,554.2960259478162,0.0,445.70397405218364,0.0,-7.190211250194477e-19,0.0,5.327807422669806e-14,0.0,499.99999999999994,0.0,-1.0926725019580474e-19,0.0,-5.342076372330657e-20,0.0,5.786293820930939e-20,0.0,100.0,0.17611046599681018,0.016629330456583685,0.0032744782256193803,11.882317304611206
137,1499.9986662608492,551.3165881009617,789.7776763468237,0.0,551.373006387257,0.0,448.6269936127431,0.0,5.622577995505066e-20,0.0,5.327807422669806e-14,0.0,499.99999999999994,0.0,-1.0926725019580474e-19,0.0,-5.342076372330657e-20,0.0,5.786293820930939e-20,0.0,100.0,0.17611046599699304,0.016629330456583685,0.0032744782256193803,11.46044921875
138,1499.998666245948,551.3165881158628,789.7776763468237,0.0,551.373006387257,0.0,448.6269936127431,0.0,5.622577995505066e-20,0.0,5.327807422669806e-14,0.0,499.99999999999994,0.0,-1.0926725019580474e-19,0.0,-5.342076372330657e-20,0.0,5.786293820930939e-20,0.0,100.0,0.17611046599696575,0.016629330456442236,0.0032744782256193803,2.9740383625030518
139,1499.998666245948,551.3165881009617,789.7776763617248,0.0,551.373006387257,0.0,448.6269936127431,0.0,5.622577995505066e-20,0.0,5.327807422669806e-14,0.0,499.99999999999994,0.0,-1.0926725019580474e-19,0.0,-5.342076372330657e-20,0.0,5.786293820930939e-20,0.0,100.0,0.17611046599681018,0.016629330456583685,0.0032744782256353025,2.6509313583374023
140,1499.9986506494677,551.2751689791376,789.8138018889797,0.0,551.373006387257,0.0,448.6269936127431,0.0,5.622577995505066e-20,0.0,5.327807422669806e-14,0.0,499.99999999999994,0.0,-1.0926725019580474e-19,0.0,-5.342076372330657e-20,0.0,5.786293820930939e-20,0.0,100.0,0.17611003373832756,0.01662972393795059,0.003274516824721163,2.444517135620117
141,1499.9986506643688,551.2751689791376,789.8138018889797,0.0,551.373006387257,0.0,448.6269936127431,0.0,5.622577995505066e-20,0.0,5.327807422669806e-14,0.0,499.99999999999994,0.0,-1.0926725019580474e-19,0.0,-5.342076372330657e-20,0.0,5.786293820930939e-20,0.0,100.0,0.17611003373851042,0.01662972393795059,0.003274516824721163,2.472405433654785
142,1499.9986506494677,551.2751689940387,789.8138018889797,0.0,551.373006387257,0.0,448.6269936127431,0.0,5.622577995505066e-20,0.0,5.327807422669806e-14,0.0,499.99999999999994,0.0,-1.0926725019580474e-19,0.0,-5.342076372330657e-20,0.0,5.786293820930939e-20,0.0,100.0,0.1761100337384829,0.01662972393780893,0.003274516824721163,2.750671863555908
143,1499.9986506494677,551.2751689791376,789.8138019038809,0.0,551.373006387257,0.0,448.6269936127431,0.0,5.622577995505066e-20,0.0,5.327807422669806e-14,0.0,499.99999999999994,0.0,-1.0926725019580474e-19,0.0,-5.342076372330657e-20,0.0,5.786293820930939e-20,0.0,100.0,0.17611003373832756,0.01662972393795059,0.0032745168247370845,2.5840723514556885
144,1499.9986343500486,551.2885242620017,789.8020923459497,0.0,551.373006387257,0.0,448.6269936127431,0.0,5.622577995505066e-20,0.0,5.327807422669806e-14,0.0,499.99999999999994,0.0,-1.0926725019580474e-19,0.0,-5.342076372330657e-20,0.0,5.786293820930939e-20,0.0,100.0,0.17611017277031063,0.01662959699992516,0.0032745043136537992,2.5562098026275635
145,1499.9986343649498,551.2885242620017,789.8020923459497,0.0,551.373006387257,0.0,448.6269936127431,0.0,5.622577995505066e-20,0.0,5.327807422669806e-14,0.0,499.99999999999994,0.0,-1.0926725019580474e-19,0.0,-5.342076372330657e-20,0.0,5.786293820930939e-20,0.0,100.0,0.17611017277049346,0.01662959699992516,0.0032745043136537992,2.5751075744628906
146,1499.9986343500486,551.2885242769029,789.8020923459497,0.0,551.373006387257,0.0,448.6269936127431,0.0,5.622577995505066e-20,0.0,5.327807422669806e-14,0.0,499.99999999999994,0.0,-1.0926725019580474e-19,0.0,-5.342076372330657e-20,0.0,5.786293820930939e-20,0.0,100.0,0.17611017277046598,0.01662959699978357,0.0032745043136537992,2.5462377071380615
147,1499.9986343500486,551.2885242620017,789.8020923608509,0.0,551.373006387257,0.0,448.6269936127431,0.0,5.622577995505066e-20,0.0,5.327807422669806e-14,0.0,499.99999999999994,0.0,-1.0926725019580474e-19,0.0,-5.342076372330657e-20,0.0,5.786293820930939e-20,0.0,100.0,0.17611017277031063,0.01662959699992516,0.0032745043136697205,2.4314920902252197
148,1499.9985146901615,551.3379711843197,789.7585686396209,0.0,551.373006387257,0.0,448.6269936127431,0.0,5.622577995505066e-20,0.0,5.327807422669806e-14,0.0,499.99999999999994,0.0,-1.0926725019580474e-19,0.0,-5.342076372330657e-20,0.0,5.786293820930939e-20,0.0,100.0,0.17611068750045733,0.016629127542849016,0.003274457808690013,2.4704439640045166
149,1499.9985147050627,551.3379711843197,789.7585686396209,0.0,551.373006387257,0.0,448.6269936127431,0.0,5.622577995505066e-20,0.0,5.327807422669806e-14,0.0,499.99999999999994,0.0,-1.0926725019580474e-19,0.0,-5.342076372330657e-20,0.0,5.786293820930939e-20,0.0,100.0,0.17611068750064016,0.016629127542849016,0.003274457808690013,2.4823811054229736
150,1499.9985146901615,551.3379711992209,789.7585686396209,0.0,551.373006387257,0.0,448.6269936127431,0.0,5.622577995505066e-20,0.0,5.327807422669806e-14,0.0,499.99999999999994,0.0,-1.0926725019580474e-19,0.0,-5.342076372330657e-20,0.0,5.786293820930939e-20,0.0,100.0,0.17611068750061304,0.01662912754270766,0.003274457808690013,2.511273145675659
151,1499.9985146901615,551.3379711843197,789.758568654522,0.0,551.373006387257,0.0,448.6269936127431,0.0,5.622577995505066e-20,0.0,5.327807422669806e-14,0.0,499.99999999999994,0.0,-1.0926725019580474e-19,0.0,-5.342076372330657e-20,0.0,5.786293820930939e-20,0.0,100.0,0.17611068750045733,0.016629127542849016,0.0032744578087059353,2.4434852600097656
152,1499.9983497052017,551.3477796694674,789.7495302364807,0.0,551.373006387257,0.0,448.6269936127431,0.0,5.622577995505066e-20,0.0,5.327807422669806e-14,0.0,499.99999999999994,0.0,-1.0926725019580474e-19,0.0,-5.342076372330657e-20,0.0,5.786293820930939e-20,0.0,100.0,0.17611078800266416,0.0166290345170308,0.0032744481507778543,2.4744300842285156
153,1499.9983497201029,551.3477796694674,789.7495302364807,0.0,551.373006387257,0.0,448.6269936127431,0.0,5.622577995505066e-20,0.0,5.327807422669806e-14,0.0,499.99999999999994,0.0,-1.0926725019580474e-19,0.0,-5.342076372330657e-20,0.0,5.786293820930939e-20,0.0,100.0,0.17611078800284702,0.0166290345170308,0.0032744481507778543,2.4534614086151123
154,1499.9983497052017,551.3477796843686,789.7495302364807,0.0,551.373006387257,0.0,448.6269936127431,0.0,5.622577995505066e-20,0.0,5.327807422669806e-14,0.0,499.99999999999994,0.0,-1.0926725019580474e-19,0.0,-5.342076372330657e-20,0.0,5.786293820930939e-20,0.0,100.0,0.17611078800281993,0.0166290345168895,0.0032744481507778543,2.5461785793304443
155,1499.9983497052017,551.3477796694674,789.7495302513819,0.0,551.373006387257,0.0,448.6269936127431,0.0,5.622577995505066e-20,0.0,5.327807422669806e-14,0.0,499.99999999999994,0.0,-1.0926725019580474e-19,0.0,-5.342076372330657e-20,0.0,5.786293820930939e-20,0.0,100.0,0.17611078800266416,0.0166290345170308,0.003274448150793776,2.635972261428833
156,1499.997535584443,551.3561131972166,789.7399192162559,0.0,551.373006387257,0.0,448.6269936127431,0.0,5.622577995505066e-20,0.0,5.327807422669806e-14,0.0,499.99999999999994,0.0,-1.0926725019580474e-19,0.0,-5.342076372330657e-20,0.0,5.786293820930939e-20,0.0,100.0,0.17611086515686442,0.016628955505388378,0.0032744378808484717,2.8504316806793213
157,1499.9975355993442,551.3561131972166,789.7399192162559,0.0,551.373006387257,0.0,448.6269936127431,0.0,5.622577995505066e-20,0.0,5.327807422669806e-14,0.0,499.99999999999994,0.0,-1.0926725019580474e-19,0.0,-5.342076372330657e-20,0.0,5.786293820930939e-20,0.0,100.0,0.17611086515704727,0.016628955505388378,0.0032744378808484717,2.6618707180023193
158,1499.997535584443,551.3561132121177,789.7399192162559,0.0,551.373006387257,0.0,448.6269936127431,0.0,5.622577995505066e-20,0.0,5.327807422669806e-14,0.0,499.99999999999994,0.0,-1.0926725019580474e-19,0.0,-5.342076372330657e-20,0.0,5.786293820930939e-20,0.0,100.0,0.17611086515702026,0.016628955505247112,0.0032744378808484717,2.5502004623413086
159,1499.997535584443,551.3561131972166,789.739919231157,0.0,551.373006387257,0.0,448.6269936127431,0.0,5.622577995505066e-20,0.0,5.327807422669806e-14,0.0,499.99999999999994,0.0,-1.0926725019580474e-19,0.0,-5.342076372330657e-20,0.0,5.786293820930939e-20,0.0,100.0,0.17611086515686442,0.016628955505388378,0.003274437880864395,3.0448825359344482
160,1499.9934852689034,551.3467948417642,789.7364470179433,0.0,551.373006387257,0.0,448.6269936127431,0.0,5.622577995505066e-20,0.0,5.327807422669806e-14,0.0,499.99999999999994,0.0,-1.0926725019580474e-19,0.0,-5.342076372330657e-20,0.0,5.786293820930939e-20,0.0,100.0,0.17611071802156963,0.016629043855894577,0.003274434170565834,2.8464105129241943
161,1499.9934852838046,551.3467948417642,789.7364470179433,0.0,551.373006387257,0.0,448.6269936127431,0.0,5.622577995505066e-20,0.0,5.327807422669806e-14,0.0,499.99999999999994,0.0,-1.0926725019580474e-19,0.0,-5.342076372330657e-20,0.0,5.786293820930939e-20,0.0,100.0,0.17611071802175246,0.016629043855894577,0.003274434170565834,2.6280243396759033
162,1499.9934852689034,551.3467948566654,789.7364470179433,0.0,551.373006387257,0.0,448.6269936127431,0.0,5.622577995505066e-20,0.0,5.327807422669806e-14,0.0,499.99999999999994,0.0,-1.0926725019580474e-19,0.0,-5.342076372330657e-20,0.0,5.786293820930939e-20,0.0,100.0,0.17611071802172545,0.016629043855753263,0.003274434170565834,2.6040499210357666
163,1499.9934852689034,551.3467948417642,789.7364470328445,0.0,551.373006387257,0.0,448.6269936127431,0.0,5.622577995505066e-20,0.0,5.327807422669806e-14,0.0,499.99999999999994,0.0,-1.0926725019580474e-19,0.0,-5.342076372330657e-20,0.0,5.786293820930939e-20,0.0,100.0,0.17611071802156963,0.016629043855894577,0.0032744341705817576,2.576124906539917
164,1499.9730586359883,551.3405957899745,789.6833103325911,0.0,551.373006387257,0.0,448.6269936127431,0.0,5.622577995505066e-20,0.0,5.327807422669806e-14,0.0,499.99999999999994,0.0,-1.0926725019580474e-19,0.0,-5.342076372330657e-20,0.0,5.786293820930939e-20,0.0,100.0,0.17611040259586347,0.016629102647352307,0.003274377387814733,2.5671353340148926
165,1499.9730586508895,551.3405957899745,789.6833103325911,0.0,551.373006387257,0.0,448.6269936127431,0.0,5.622577995505066e-20,0.0,5.327807422669806e-14,0.0,499.99999999999994,0.0,-1.0926725019580474e-19,0.0,-5.342076372330657e-20,0.0,5.786293820930939e-20,0.0,100.0,0.17611040259604632,0.016629102647352307,0.003274377387814733,2.977062463760376
166,1499.9730586359883,551.3405958048756,789.6833103325911,0.0,551.373006387257,0.0,448.6269936127431,0.0,5.622577995505066e-20,0.0,5.327807422669806e-14,0.0,499.99999999999994,0.0,-1.0926725019580474e-19,0.0,-5.342076372330657e-20,0.0,5.786293820930939e-20,0.0,100.0,0.17611040259601915,0.016629102647210972,0.003274377387814733,3.0448825359344482
167,1499.9730586359883,551.3405957899745,789.6833103474922,0.0,551.373006387257,0.0,448.6269936127431,0.0,5.622577995505066e-20,0.0,5.327807422669806e-14,0.0,499.99999999999994,0.0,-1.0926725019580474e-19,0.0,-5.342076372330657e-20,0.0,5.786293820930939e-20,0.0,100.0,0.17611040259586347,0.016629102647352307,0.003274377387830657,2.5522258281707764
168,1499.8706816151005,551.3601411946439,789.3727920713781,0.0,551.373006387257,0.0,448.6269936127431,0.0,5.622577995505066e-20,0.0,5.327807422669806e-14,0.0,499.99999999999994,0.0,-1.0926725019580474e-19,0.0,-5.342076372330657e-20,0.0,5.786293820930939e-20,0.0,100.0,0.17610935088845225,0.016628917323586182,0.0032740454670829814,2.717721462249756
169,1499.8706816300016,551.3601411946439,789.3727920713781,0.0,551.373006387257,0.0,448.6269936127431,0.0,5.622577995505066e-20,0.0,5.327807422669806e-14,0.0,499.99999999999994,0.0,-1.0926725019580474e-19,0.0,-5.342076372330657e-20,0.0,5.786293820930939e-20,0.0,100.0,0.17610935088863508,0.016628917323586182,0.0032740454670829814,2.5571835041046143
170,1499.8706816151005,551.3601412095451,789.3727920713781,0.0,551.373006387257,0.0,448.6269936127431,0.0,5.622577995505066e-20,0.0,5.327807422669806e-14,0.0,499.99999999999994,0.0,-1.0926725019580474e-19,0.0,-5.342076372330657e-20,0.0,5.786293820930939e-20,0.0,100.0,0.17610935088860818,0.01662891732344495,0.0032740454670829814,2.66389536857605
171,1499.8706816151005,551.3601411946439,789.3727920862792,0.0,551.373006387257,0.0,448.6269936127431,0.0,5.622577995505066e-20,0.0,5.327807422669806e-14,0.0,499.99999999999994,0.0,-1.0926725019580474e-19,0.0,-5.342076372330657e-20,0.0,5.786293820930939e-20,0.0,100.0,0.17610935088845225,0.016628917323586182,0.003274045467098913,2.578160524368286
172,1499.3584340413254,551.3266836192578,787.933721911604,0.0,551.373006387257,0.0,448.6269936127431,0.0,5.622577995505066e-20,0.0,5.327807422669806e-14,0.0,499.99999999999994,0.0,-1.0926725019580474e-19,0.0,-5.342076372330657e-20,0.0,5.786293820930939e-20,0.0,100.0,0.17610271736712146,0.016629234636530963,0.003272505072243783,2.892280340194702
173,1499.3584340562265,551.3266836192578,787.933721911604,0.0,551.373006387257,0.0,448.6269936127431,0.0,5.622577995505066e-20,0.0,5.327807422669806e-14,0.0,499.99999999999994,0.0,-1.0926725019580474e-19,0.0,-5.342076372330657e-20,0.0,5.786293820930939e-20,0.0,100.0,0.1761027173673042,0.016629234636530963,0.003272505072243783,2.56118106842041
174,1499.3584340413254,551.3266836341589,787.933721911604,0.0,551.373006387257,0.0,448.6269936127431,0.0,5.622577995505066e-20,0.0,5.327807422669806e-14,0.0,499.99999999999994,0.0,-1.0926725019580474e-19,0.0,-5.342076372330657e-20,0.0,5.786293820930939e-20,0.0,100.0,0.17610271736727715,0.016629234636389562,0.003272505072243783,2.6269609928131104
175,1499.3584340413254,551.3266836192578,787.9337219265052,0.0,551.373006387257,0.0,448.6269936127431,0.0,5.622577995505066e-20,0.0,5.327807422669806e-14,0.0,499.99999999999994,0.0,-1.0926725019580474e-19,0.0,-5.342076372330657e-20,0.0,5.786293820930939e-20,0.0,100.0,0.17610271736712146,0.016629234636530963,0.0032725050722597518,2.600100517272949
176,1496.7947213322916,551.3282459458945,780.5838248069725,0.0,551.373006387257,0.0,448.6269936127431,0.0,5.622577995505066e-20,0.0,5.327807422669806e-14,0.0,499.99999999999994,0.0,-1.0926725019580474e-19,0.0,-5.342076372330657e-20,0.0,5.786293820930939e-20,0.0,100.0,0.17607131081611416,0.016629219811005246,0.0032645825248951176,2.628995418548584
177,1496.7947213471928,551.3282459458945,780.5838248069725,0.0,551.373006387257,0.0,448.6269936127431,0.0,5.622577995505066e-20,0.0,5.327807422669806e-14,0.0,499.99999999999994,0.0,-1.0926725019580474e-19,0.0,-5.342076372330657e-20,0.0,5.786293820930939e-20,0.0,100.0,0.17607131081629668,0.016629219811005246,0.0032645825248951176,2.640921115875244
178,1496.7947213322916,551.3282459607957,780.5838248069725,0.0,551.373006387257,0.0,448.6269936127431,0.0,5.622577995505066e-20,0.0,5.327807422669806e-14,0.0,499.99999999999994,0.0,-1.0926725019580474e-19,0.0,-5.342076372330657e-20,0.0,5.786293820930939e-20,0.0,100.0,0.17607131081626984,0.016629219810863845,0.0032645825248951176,2.5292575359344482
179,1496.7947213322916,551.3282459458945,780.5838248218737,0.0,551.373006387257,0.0,448.6269936127431,0.0,5.622577995505066e-20,0.0,5.327807422669806e-14,0.0,499.99999999999994,0.0,-1.0926725019580474e-19,0.0,-5.342076372330657e-20,0.0,5.786293820930939e-20,0.0,100.0,0.17607131081611416,0.016629219811005246,0.0032645825249112744,2.7466752529144287
180,1483.9616229191179,551.3890181530435,743.7464279662001,0.0,551.373006387257,0.0,448.6269936127431,0.0,5.622577995505066e-20,0.0,5.327807422669806e-14,0.0,499.99999999999994,0.0,-1.0926725019580474e-19,0.0,-5.342076372330657e-20,0.0,5.786293820930939e-20,0.0,100.0,0.17591532049067388,0.016628643755223663,0.003223444215568311,2.544217586517334
181,1483.961622934019,551.3890181530435,743.7464279662001,0.0,551.373006387257,0.0,448.6269936127431,0.0,5.622577995505066e-20,0.0,5.327807422669806e-14,0.0,499.99999999999994,0.0,-1.0926725019580474e-19,0.0,-5.342076372330657e-20,0.0,5.786293820930939e-20,0.0,100.0,0.17591532049085506,0.016628643755223663,0.003223444215568311,2.5911216735839844
182,1483.9616229191179,551.3890181679446,743.7464279662001,0.0,551.373006387257,0.0,448.6269936127431,0.0,5.622577995505066e-20,0.0,5.327807422669806e-14,0.0,499.99999999999994,0.0,-1.0926725019580474e-19,0.0,-5.342076372330657e-20,0.0,5.786293820930939e-20,0.0,100.0,0.17591532049083,0.016628643755082554,0.003223444215568311,2.5930542945861816
183,1483.9616229191179,551.3890181530435,743.7464279811013,0.0,551.373006387257,0.0,448.6269936127431,0.0,5.622577995505066e-20,0.0,5.327807422669806e-14,0.0,499.99999999999994,0.0,-1.0926725019580474e-19,0.0,-5.342076372330657e-20,0.0,5.786293820930939e-20,0.0,100.0,0.17591532049067388,0.016628643755223663,0.0032234442155854477,2.7856054306030273
184,1419.3661960542709,551.7501848415446,558.2770507499026,0.0,551.373006387257,0.0,448.6269936127431,0.0,5.622577995505066e-20,0.0,5.327807422669806e-14,0.0,499.99999999999994,0.0,-1.0926725019580474e-19,0.0,-5.342076372330657e-20,0.0,5.786293820930939e-20,0.0,100.0,0.17514607482260539,0.016625245764170033,0.002974861603990329,2.902268171310425
185,1419.366196069172,551.7501848415446,558.2770507499026,0.0,549.0630263907649,0.0,450.9369736092352,0.0,-4.118476244833212e-20,0.0,5.327807422669806e-14,0.0,499.99999999999994,0.0,-1.0926725019580474e-19,0.0,-5.342076372330657e-20,0.0,5.786293820930939e-20,0.0,100.0,0.17514607482278052,0.016625245764170033,0.002974861603990329,14.959100484848022
186,1419.3661960542709,551.7501848564458,558.2770507499026,0.0,549.0630263907649,0.0,450.9369736092352,0.0,-4.118476244833212e-20,0.0,5.327807422669806e-14,0.0,499.99999999999994,0.0,-1.0926725019580474e-19,0.0,-5.342076372330657e-20,0.0,5.786293820930939e-20,0.0,100.0,0.17514607482274425,0.016625245764030714,0.002974861603990329,2.823472499847412
187,1419.3661960542709,551.7501848415446,558.2770507648038,0.0,549.0630263907649,0.0,450.9369736092352,0.0,-4.118476244833212e-20,0.0,5.327807422669806e-14,0.0,499.99999999999994,0.0,-1.0926725019580474e-19,0.0,-5.342076372330657e-20,0.0,5.786293820930939e-20,0.0,100.0,0.17514607482260539,0.016625245764170033,0.0029748616040133763,2.794523000717163
188,1225.7261706823845,555.4538699422391,0.0,0.0,549.0630263907649,0.0,450.9369736092352,0.0,-4.118476244833212e-20,0.0,5.327807422669806e-14,0.0,499.99999999999994,0.0,-1.0926725019580474e-19,0.0,-5.342076372330657e-20,0.0,5.786293820930939e-20,0.0,100.0,,,,2.6439521312713623
189,1400.002193517082,552.120553351614,502.44934567491237,0.0,549.0630263907649,0.0,450.9369736092352,0.0,-4.118476244833212e-20,0.0,5.327807422669806e-14,0.0,499.99999999999994,0.0,-1.0926725019580474e-19,0.0,-5.342076372330657e-20,0.0,5.786293820930939e-20,0.0,100.0,0.17492334968529555,0.01662180626189264,0.0028848838832610142,2.512301206588745
190,1400.0021935319833,552.120553351614,502.44934567491237,0.0,549.0630263907649,0.0,450.9369736092352,0.0,-4.118476244833212e-20,0.0,5.327807422669806e-14,0.0,499.99999999999994,0.0,-1.0926725019580474e-19,0.0,-5.342076372330657e-20,0.0,5.786293820930939e-20,0.0,100.0,0.17492334968546858,0.01662180626189264,0.0028848838832610142,2.5831449031829834
191,1400.002193517082,552.1205533665152,502.44934567491237,0.0,549.0630263907649,0.0,450.9369736092352,0.0,-4.118476244833212e-20,0.0,5.327807422669806e-14,0.0,499.99999999999994,0.0,-1.0926725019580474e-19,0.0,-5.342076372330657e-20,0.0,5.786293820930939e-20,0.0,100.0,0.17492334968543705,0.01662180626175518,0.0028848838832610142,2.6658899784088135
192,1400.002193517082,552.120553351614,502.4493456898135,0.0,549.0630263907649,0.0,450.9369736092352,0.0,-4.118476244833212e-20,0.0,5.327807422669806e-14,0.0,499.99999999999994,0.0,-1.0926725019580474e-19,0.0,-5.342076372330657e-20,0.0,5.786293820930939e-20,0.0,100.0,0.17492334968529555,0.01662180626189264,0.002884883883285986,2.541226625442505
193,1224.3660732076432,550.9895973115164,0.0,0.0,549.0630263907649,0.0,450.9369736092352,0.0,-4.118476244833212e-20,0.0,5.327807422669806e-14,0.0,499.99999999999994,0.0,-1.0926725019580474e-19,0.0,-5.342076372330657e-20,0.0,5.786293820930939e-20,0.0,100.0,,,,2.497307300567627
194,1382.4385814861382,552.0074577476042,452.20441110742115,0.0,549.0630263907649,0.0,450.9369736092352,0.0,-4.118476244833212e-20,0.0,5.327807422669806e-14,0.0,499.99999999999994,0.0,-1.0926725019580474e-19,0.0,-5.342076372330657e-20,0.0,5.786293820930939e-20,0.0,100.0,0.1747194146693346,0.016622851728345222,0.002797963855041819,3.013989210128784
195,1382.4385815010394,552.0074577476042,452.20441110742115,0.0,549.0630263907649,0.0,450.9369736092352,0.0,-4.118476244833212e-20,0.0,5.327807422669806e-14,0.0,499.99999999999994,0.0,-1.0926725019580474e-19,0.0,-5.342076372330657e-20,0.0,5.786293820930939e-20,0.0,100.0,0.17471941466950577,0.016622851728345222,0.002797963855041819,2.495321273803711
196,1382.4385814861382,552.0074577625054,452.20441110742115,0.0,549.0630263907649,0.0,450.9369736092352,0.0,-4.118476244833212e-20,0.0,5.327807422669806e-14,0.0,499.99999999999994,0.0,-1.0926725019580474e-19,0.0,-5.342076372330657e-20,0.0,5.786293820930939e-20,0.0,100.0,0.17471941466947533,0.016622851728207214,0.002797963855041819,2.467447519302368
197,1382.4385814861382,552.0074577476042,452.2044111223223,0.0,549.0630263907649,0.0,450.9369736092352,0.0,-4.118476244833212e-20,0.0,5.327807422669806e-14,0.0,499.99999999999994,0.0,-1.0926725019580474e-19,0.0,-5.342076372330657e-20,0.0,5.786293820930939e-20,0.0,100.0,0.1747194146693346,0.016622851728345222,0.002797963855068354,2.4544286727905273
198,1224.0225569010731,549.8620675561139,2.8421709430404007e-13,0.0,549.0630263907649,0.0,450.9369736092352,0.0,-4.118476244833212e-20,0.0,5.327807422669806e-14,0.0,499.99999999999994,0.0,-1.0926725019580474e-19,0.0,-5.342076372330657e-20,0.0,5.786293820930939e-20,0.0,100.0,0.17296072996844575,0.016643496915341165,2.210074448075765e+56,2.4534592628479004
199,1366.5969790276317,551.7929187284552,406.9839699966791,0.0,549.0630263907649,0.0,450.9369736092352,0.0,-4.118476244833212e-20,0.0,5.327807422669806e-14,0.0,499.99999999999994,0.0,-1.0926725019580474e-19,0.0,-5.342076372330657e-20,0.0,5.786293820930939e-20,0.0,100.0,0.17453630142011028,0.016624846585041195,0.002715757815234758,3.2258262634277344
200,1366.596979042533,551.7929187284552,406.9839699966791,0.0,549.0630263907649,0.0,450.9369736092352,0.0,-4.118476244833212e-20,0.0,5.327807422669806e-14,0.0,499.99999999999994,0.0,-1.0926725019580474e-19,0.0,-5.342076372330657e-20,0.0,5.786293820930939e-20,0.0,100.0,0.17453630142027982,0.016624846585041195,0.002715757815234758,3.8497002124786377
201,1366.5969790276317,551.7929187433564,406.9839699966791,0.0,549.0630263907649,0.0,450.9369736092352,0.0,-4.118476244833212e-20,0.0,5.327807422669806e-14,0.0,499.99999999999994,0.0,-1.0926725019580474e-19,0.0,-5.342076372330657e-20,0.0,5.786293820930939e-20,0.0,100.0,0.17453630142024945,0.01662484658490211,0.002715757815234758,3.4029197692871094
202,1366.5969790276317,551.7929187284552,406.98397001158025,0.0,549.0630263907649,0.0,450.9369736092352,0.0,-4.118476244833212e-20,0.0,5.327807422669806e-14,0.0,499.99999999999994,0.0,-1.0926725019580474e-19,0.0,-5.342076372330657e-20,0.0,5.786293820930939e-20,0.0,100.0,0.17453630142011028,0.016624846585041195,0.0027157578152623126,3.5455386638641357
203,1223.9378018250245,549.5838744753577,1.184048414870631e-10,0.0,549.0630263907649,0.0,450.9369736092352,0.0,-4.118476244833212e-20,0.0,5.327807422669806e-14,0.0,499.99999999999994,0.0,-1.0926725019580474e-19,0.0,-5.342076372330657e-20,0.0,5.786293820930939e-20,0.0,100.0,0.1729575197955368,0.01664628909807,7.33719127637131e+45,3.3700361251831055
204,1352.331061307371,551.5720143031455,366.285572997023,0.0,549.0630263907649,0.0,450.9369736092352,0.0,-4.118476244833212e-20,0.0,5.327807422669806e-14,0.0,499.99999999999994,0.0,-1.0926725019580474e-19,0.0,-5.342076372330657e-20,0.0,5.786293820930939e-20,0.0,100.0,0.17437189909292375,0.01662691661576917,0.0026399078003170383,3.5865442752838135
205,1352.3310613222723,551.5720143031455,366.285572997023,0.0,547.6617413912496,0.0,452.3382586087505,0.0,2.3632440689585803e-19,0.0,5.327807422669806e-14,0.0,499.99999999999994,0.0,-1.0926725019580474e-19,0.0,-5.342076372330657e-20,0.0,5.786293820930939e-20,0.0,100.0,0.17437189909309214,0.01662691661576917,0.0026399078003170383,30.525087118148804
206,1352.331061307371,551.5720143180466,366.285572997023,0.0,547.6617413912496,0.0,452.3382586087505,0.0,2.3632440689585803e-19,0.0,5.327807422669806e-14,0.0,499.99999999999994,0.0,-1.0926725019580474e-19,0.0,-5.342076372330657e-20,0.0,5.786293820930939e-20,0.0,100.0,0.17437189909304873,0.016626916615628987,0.0026399078003170383,5.656887054443359
207,1352.331061307371,551.5720143031455,366.28557301192416,0.0,547.6617413912496,0.0,452.3382586087505,0.0,2.3632440689585803e-19,0.0,5.327807422669806e-14,0.0,499.99999999999994,0.0,-1.0926725019580474e-19,0.0,-5.342076372330657e-20,0.0,5.786293820930939e-20,0.0,100.0,0.17437189909292375,0.01662691661576917,0.0026399078003449,4.3062098026275635
208,1224.6661173888895,551.9744380923482,0.0,0.0,547.6617413912496,0.0,452.3382586087505,0.0,2.3632440689585803e-19,0.0,5.327807422669806e-14,0.0,499.99999999999994,0.0,-1.0926725019580474e-19,0.0,-5.342076372330657e-20,0.0,5.786293820930939e-20,0.0,100.0,,,,3.618471622467041
209,1339.5645669155228,551.6122566820658,329.6570156973207,0.0,547.6617413912496,0.0,452.3382586087505,0.0,2.3632440689585803e-19,0.0,5.327807422669806e-14,0.0,499.99999999999994,0.0,-1.0926725019580474e-19,0.0,-5.342076372330657e-20,0.0,5.786293820930939e-20,0.0,100.0,0.17422852593830887,0.0166265383046553,0.00257187933568611,3.7390830516815186
210,1339.564566930424,551.6122566820658,329.6570156973207,0.0,547.6617413912496,0.0,452.3382586087505,0.0,2.3632440689585803e-19,0.0,5.327807422669806e-14,0.0,499.99999999999994,0.0,-1.0926725019580474e-19,0.0,-5.342076372330657e-20,0.0,5.786293820930939e-20,0.0,100.0,0.17422852593847593,0.0166265383046553,0.00257187933568611,3.767226219177246
211,1339.5645669155228,551.6122566969669,329.6570156973207,0.0,547.6617413912496,0.0,452.3382586087505,0.0,2.3632440689585803e-19,0.0,5.327807422669806e-14,0.0,499.99999999999994,0.0,-1.0926725019580474e-19,0.0,-5.342076372330657e-20,0.0,5.786293820930939e-20,0.0,100.0,0.17422852593843413,0.01662653830451529,0.00257187933568611,3.5880446434020996
212,1339.5645669155228,551.6122566820658,329.65701571222183,0.0,547.6617413912496,0.0,452.3382586087505,0.0,2.3632440689585803e-19,0.0,5.327807422669806e-14,0.0,499.99999999999994,0.0,-1.0926725019580474e-19,0.0,-5.342076372330657e-20,0.0,5.786293820930939e-20,0.0,100.0,0.17422852593830887,0.0166265383046553,0.0025718793357134458,3.5038626194000244
213,1224.3507937913657,550.9394459771743,1.1937117960769683e-12,0.0,547.6617413912496,0.0,452.3382586087505,0.0,2.3632440689585803e-19,0.0,5.327807422669806e-14,0.0,499.99999999999994,0.0,-1.0926725019580474e-19,0.0,-5.342076372330657e-20,0.0,5.786293820930939e-20,0.0,100.0,0.17297095758864342,0.016632934614915513,7.102475460571075e+53,3.6194255352020264
214,1328.043189603107,551.5449756115767,296.6913141275887,0.0,547.6617413912496,0.0,452.3382586087505,0.0,2.3632440689585803e-19,0.0,5.327807422669806e-14,0.0,499.99999999999994,0.0,-1.0926725019580474e-19,0.0,-5.342076372330657e-20,0.0,5.786293820930939e-20,0.0,100.0,0.17409921678216175,0.016627171105153365,0.002512740009653377,3.368544816970825
215,1328.0431896180082,551.5449756115767,296.6913141275887,0.0,547.6617413912496,0.0,452.3382586087505,0.0,2.3632440689585803e-19,0.0,5.327807422669806e-14,0.0,499.99999999999994,0.0,-1.0926725019580474e-19,0.0,-5.342076372330657e-20,0.0,5.786293820930939e-20,0.0,100.0,0.17409921678232768,0.016627171105153365,0.002512740009653377,3.7617835998535156
216,1328.043189603107,551.5449756264778,296.6913141275887,0.0,547.6617413912496,0.0,452.3382586087505,0.0,2.3632440689585803e-19,0.0,5.327807422669806e-14,0.0,499.99999999999994,0.0,-1.0926725019580474e-19,0.0,-5.342076372330657e-20,0.0,5.786293820930939e-20,0.0,100.0,0.17409921678228657,0.016627171105013053,0.002512740009653377,4.905619859695435
217,1328.043189603107,551.5449756115767,296.6913141424899,0.0,547.6617413912496,0.0,452.3382586087505,0.0,2.3632440689585803e-19,0.0,5.327807422669806e-14,0.0,499.99999999999994,0.0,-1.0926725019580474e-19,0.0,-5.342076372330657e-20,0.0,5.786293820930939e-20,0.0,100.0,0.17409921678216175,0.016627171105153365,0.0025127400096793535,7.106330871582031
218,1224.132029437106,550.2213920071553,0.0,0.0,547.6617413912496,0.0,452.3382586087505,0.0,2.3632440689585803e-19,0.0,5.327807422669806e-14,0.0,499.99999999999994,0.0,-1.0926725019580474e-19,0.0,-5.342076372330657e-20,0.0,5.786293820930939e-20,0.0,100.0,,,,7.419552803039551
219,1317.652073586507,551.4126172511345,267.02218271482985,0.0,547.6617413912496,0.0,452.3382586087505,0.0,2.3632440689585803e-19,0.0,5.327807422669806e-14,0.0,499.99999999999994,0.0,-1.0926725019580474e-19,0.0,-5.342076372330657e-20,0.0,5.786293820930939e-20,0.0,100.0,0.1739827536225898,0.016628420394659678,0.002462881790750878,4.714667081832886
220,1317.6520736014081,551.4126172511345,267.02218271482985,0.0,547.6617413912496,0.0,452.3382586087505,0.0,2.3632440689585803e-19,0.0,5.327807422669806e-14,0.0,499.99999999999994,0.0,-1.0926725019580474e-19,0.0,-5.342076372330657e-20,0.0,5.786293820930939e-20,0.0,100.0,0.17398275362275473,0.016628420394659678,0.002462881790750878,3.729924440383911
221,1317.652073586507,551.4126172660357,267.02218271482985,0.0,547.6617413912496,0.0,452.3382586087505,0.0,2.3632440689585803e-19,0.0,5.327807422669806e-14,0.0,499.99999999999994,0.0,-1.0926725019580474e-19,0.0,-5.342076372330657e-20,0.0,5.786293820930939e-20,0.0,100.0,0.1739827536227136,0.016628420394518718,0.002462881790750878,3.9366724491119385
222,1317.652073586507,551.4126172511345,267.022182729731,0.0,547.6617413912496,0.0,452.3382586087505,0.0,2.3632440689585803e-19,0.0,5.327807422669806e-14,0.0,499.99999999999994,0.0,-1.0926725019580474e-19,0.0,-5.342076372330657e-20,0.0,5.786293820930939e-20,0.0,100.0,0.1739827536225898,0.016628420394659678,0.0024628817907748814,3.886444091796875
223,1223.9978511479935,549.7809764017879,0.0,0.0,547.6617413912496,0.0,452.3382586087505,0.0,2.3632440689585803e-19,0.0,5.327807422669806e-14,0.0,499.99999999999994,0.0,-1.0926725019580474e-19,0.0,-5.342076372330657e-20,0.0,5.786293820930939e-20,0.0,100.0,,,,3.587350845336914
224,1308.2866513426557,551.2494531661998,240.31996444334686,0.0,547.6617413912496,0.0,452.3382586087505,0.0,2.3632440689585803e-19,0.0,5.327807422669806e-14,0.0,499.99999999999994,0.0,-1.0926725019580474e-19,0.0,-5.342076372330657e-20,0.0,5.786293820930939e-20,0.0,100.0,0.17387803074412939,0.016629968527951774,0.002421710382153625,3.713759183883667
225,1308.2866513575568,551.2494531661998,240.31996444334686,0.0,547.6617413912496,0.0,452.3382586087505,0.0,2.3632440689585803e-19,0.0,5.327807422669806e-14,0.0,499.99999999999994,0.0,-1.0926725019580474e-19,0.0,-5.342076372330657e-20,0.0,5.786293820930939e-20,0.0,100.0,0.17387803074429342,0.016629968527951774,0.002421710382153625,6.723283052444458
226,1308.2866513426557,551.249453181101,240.31996444334686,0.0,547.6617413912496,0.0,452.3382586087505,0.0,2.3632440689585803e-19,0.0,5.327807422669806e-14,0.0,499.99999999999994,0.0,-1.0926725019580474e-19,0.0,-5.342076372330657e-20,0.0,5.786293820930939e-20,0.0,100.0,0.17387803074425195,0.01662996852780999,0.002421710382153625,5.978815793991089
227,1308.2866513426557,551.2494531661998,240.31996445824802,0.0,547.6617413912496,0.0,452.3382586087505,0.0,2.3632440689585803e-19,0.0,5.327807422669806e-14,0.0,499.99999999999994,0.0,-1.0926725019580474e-19,0.0,-5.342076372330657e-20,0.0,5.786293820930939e-20,0.0,100.0,0.17387803074412939,0.016629968527951774,0.0024217103821755947,5.8810107707977295
228,1223.9140173341887,549.5058073738157,0.0,0.0,547.6617413912496,0.0,452.3382586087505,0.0,2.3632440689585803e-19,0.0,5.327807422669806e-14,0.0,499.99999999999994,0.0,-1.0926725019580474e-19,0.0,-5.342076372330657e-20,0.0,5.786293820930939e-20,0.0,100.0,,,,5.252911806106567
229,1299.849387941809,551.0750885869614,216.28796799901218,0.0,547.6617413912496,0.0,452.3382586087505,0.0,2.3632440689585803e-19,0.0,5.327807422669806e-14,0.0,499.99999999999994,0.0,-1.0926725019580474e-19,0.0,-5.342076372330657e-20,0.0,5.786293820930939e-20,0.0,100.0,0.17378394717937856,0.01663163282537767,0.002387364490118814,5.35061502456665
230,1299.8493879567102,551.0750885869614,216.28796799901218,0.0,547.6617413912496,0.0,452.3382586087505,0.0,2.3632440689585803e-19,0.0,5.327807422669806e-14,0.0,499.99999999999994,0.0,-1.0926725019580474e-19,0.0,-5.342076372330657e-20,0.0,5.786293820930939e-20,0.0,100.0,0.17378394717954182,0.01663163282537767,0.002387364490118814,5.646028757095337
231,1299.849387941809,551.0750886018626,216.28796799901218,0.0,547.6617413912496,0.0,452.3382586087505,0.0,2.3632440689585803e-19,0.0,5.327807422669806e-14,0.0,499.99999999999994,0.0,-1.0926725019580474e-19,0.0,-5.342076372330657e-20,0.0,5.786293820930939e-20,0.0,100.0,0.17378394717949977,0.016631632825235,0.002387364490118814,6.764522552490234
232,1299.849387941809,551.0750885869614,216.28796801391334,0.0,547.6617413912496,0.0,452.3382586087505,0.0,2.3632440689585803e-19,0.0,5.327807422669806e-14,0.0,499.99999999999994,0.0,-1.0926725019580474e-19,0.0,-5.342076372330657e-20,0.0,5.786293820930939e-20,0.0,100.0,0.17378394717937856,0.01663163282537767,0.0023873644901396766,5.602063894271851
233,1223.8599818609805,549.3284459755903,0.0,0.0,547.6617413912496,0.0,452.3382586087505,0.0,2.3632440689585803e-19,0.0,5.327807422669806e-14,0.0,499.99999999999994,0.0,-1.0926725019580474e-19,0.0,-5.342076372330657e-20,0.0,5.786293820930939e-20,0.0,100.0,,,,5.993382692337036
234,1292.2504473337262,550.9004243258244,194.65917119911097,0.0,547.6617413912496,0.0,452.3382586087505,0.0,2.3632440689585803e-19,0.0,5.327807422669806e-14,0.0,499.99999999999994,0.0,-1.0926725019580474e-19,0.0,-5.342076372330657e-20,0.0,5.786293820930939e-20,0.0,100.0,0.17369945491350405,0.016633310265616836,0.0023566002737756705,5.538778781890869
235,1292.2504473486274,550.9004243258244,194.65917119911097,0.0,547.6617413912496,0.0,452.3382586087505,0.0,2.3632440689585803e-19,0.0,5.327807422669806e-14,0.0,499.99999999999994,0.0,-1.0926725019580474e-19,0.0,-5.342076372330657e-20,0.0,5.786293820930939e-20,0.0,100.0,0.17369945491366662,0.016633310265616836,0.0023566002737756705,5.643006086349487
236,1292.2504473337262,550.9004243407255,194.65917119911097,0.0,547.6617413912496,0.0,452.3382586087505,0.0,2.3632440689585803e-19,0.0,5.327807422669806e-14,0.0,499.99999999999994,0.0,-1.0926725019580474e-19,0.0,-5.342076372330657e-20,0.0,5.786293820930939e-20,0.0,100.0,0.17369945491362399,0.016633310265473294,0.0023566002737756705,5.319303750991821
237,1292.2504473337262,550.9004243258244,194.65917121401213,0.0,547.6617413912496,0.0,452.3382586087505,0.0,2.3632440689585803e-19,0.0,5.327807422669806e-14,0.0,499.99999999999994,0.0,-1.0926725019580474e-19,0.0,-5.342076372330657e-20,0.0,5.786293820930939e-20,0.0,100.0,0.17369945491350405,0.016633310265616836,0.0023566002737977296,5.784882307052612
238,1223.840107450626,549.2632119478021,0.0,0.0,547.6617413912496,0.0,452.3382586087505,0.0,2.3632440689585803e-19,0.0,5.327807422669806e-14,0.0,499.99999999999994,0.0,-1.0926725019580474e-19,0.0,-5.342076372330657e-20,0.0,5.786293820930939e-20,0.0,100.0,,,,6.3387134075164795
239,1285.4094133454162,550.7367030880222,175.19325407919987,0.0,547.6617413912496,0.0,452.3382586087505,0.0,2.3632440689585803e-19,0.0,5.327807422669806e-14,0.0,499.99999999999994,0.0,-1.0926725019580474e-19,0.0,-5.342076372330657e-20,0.0,5.786293820930939e-20,0.0,100.0,0.17362364389931773,0.016634891988521586,0.0023251035697176995,5.633953809738159
240,1285.4094133603173,550.7367030880222,175.19325407919987,0.0,547.6617413912496,0.0,452.3382586087505,0.0,2.3632440689585803e-19,0.0,5.327807422669806e-14,0.0,499.99999999999994,0.0,-1.0926725019580474e-19,0.0,-5.342076372330657e-20,0.0,5.786293820930939e-20,0.0,100.0,0.1736236438994797,0.016634891988521586,0.0023251035697176995,5.599256992340088
241,1285.4094133454162,550.7367031029233,175.19325407919987,0.0,547.6617413912496,0.0,452.3382586087505,0.0,2.3632440689585803e-19,0.0,5.327807422669806e-14,0.0,499.99999999999994,0.0,-1.0926725019580474e-19,0.0,-5.342076372330657e-20,0.0,5.786293820930939e-20,0.0,100.0,0.1736236438994364,0.01663489198837722,0.0023251035697176995,6.22763729095459
242,1285.4094133454162,550.7367030880222,175.19325409410104,0.0,547.6617413912496,0.0,452.3382586087505,0.0,2.3632440689585803e-19,0.0,5.327807422669806e-14,0.0,499.99999999999994,0.0,-1.0926725019580474e-19,0.0,-5.342076372330657e-20,0.0,5.786293820930939e-20,0.0,100.0,0.17362364389931773,0.016634891988521586,0.00232510356974464,4.812655925750732
243,1223.836625003871,549.2517814772308,1.1311840353300795e-11,0.0,547.6617413912496,0.0,452.3382586087505,0.0,2.3632440689585803e-19,0.0,5.327807422669806e-14,0.0,499.99999999999994,0.0,-1.0926725019580474e-19,0.0,-5.342076372330657e-20,0.0,5.786293820930939e-20,0.0,100.0,0.17295264555672477,,8.80794542800734e+49,4.78239893913269
244,1279.2521345112616,550.588210926943,157.67392867128103,0.0,547.6617413912496,0.0,452.3382586087505,0.0,2.3632440689585803e-19,7.529222222603967e+51,5.111152216571449e+69,-1.0288548035563003e+52,5.111152273190481e+69,2.7593258298704234e+51,-1.0222304433142898e+70,0.0,-5.342076372330657e-20,0.0,5.786293820930939e-20,0.0,100.0,0.17355564256332345,,0.00228871041338365,9.090208530426025
245,1284.7936854620007,550.7218538719143,173.44132153840798,0.0,547.6617413912496,0.0,452.3382586087505,0.0,2.3632440689585803e-19,7.529222222603967e+51,5.111152216571449e+69,-1.0288548035563003e+52,5.111152273190481e+69,2.7593258298704234e+51,-1.0222304433142898e+70,0.0,-5.342076372330657e-20,0.0,5.786293820930939e-20,0.0,100.0,0.1736168335836217,,0.0023218963987587577,6.276305437088013
246,1285.3478405570747,550.7352181664114,175.0180608251207,0.0,547.6617413912496,0.0,452.3382586087505,0.0,2.3632440689585803e-19,7.529222222603967e+51,5.111152216571449e+69,-1.0288548035563003e+52,5.111152273190481e+69,2.7593258298704234e+51,-1.0222304433142898e+70,0.0,-5.342076372330657e-20,0.0,5.786293820930939e-20,0.0,100.0,0.17362296276495418,,0.00232478643945427,5.993154287338257
247,1285.4032560665821,550.7365545958611,175.17573475379194,0.0,547.6617413912496,0.0,452.3382586087505,0.0,2.3632440689585803e-19,7.529222222603967e+51,5.111152216571449e+69,-1.0288548035563003e+52,5.111152273190481e+69,2.7593258298704234e+51,-1.0222304433142898e+70,0.0,-5.342076372330657e-20,0.0,5.786293820930939e-20,0.0,100.0,0.17362357578485244,,0.0023250718917965283,6.377594232559204
248,1285.4087976175329,550.7366882388061,175.19150214665908,0.0,547.6617413912496,0.0,452.3382586087505,0.0,2.3632440689585803e-19,7.529222222603967e+51,5.111152216571449e+69,-1.0288548035563003e+52,5.111152273190481e+69,2.7593258298704234e+51,-1.0222304433142898e+70,0.0,-5.342076372330657e-20,0.0,5.786293820930939e-20,0.0,100.0,0.17362363708786088,,0.0023251004022758724,6.059220552444458
249,1285.4093517726278,550.7367016031005,175.1930788859458,0.0,547.6617413912496,0.0,452.3382586087505,0.0,2.3632440689585803e-19,7.529222222603967e+51,5.111152216571449e+69,-1.0288548035563003e+52,5.111152273190481e+69,2.7593258298704234e+51,-1.0222304433142898e+70,0.0,-5.342076372330657e-20,0.0,5.786293820930939e-20,0.0,100.0,0.17362364321817197,,0.0023251032529770193,6.47764778137207
250,1285.4094071881373,550.73670293953,175.19323655987446,0.0,547.6617413912496,0.0,452.3382586087505,0.0,2.3632440689585803e-19,7.529222222603967e+51,5.111152216571449e+69,-1.0288548035563003e+52,5.111152273190481e+69,2.7593258298704234e+51,-1.0222304433142898e+70,0.0,-5.342076372330657e-20,0.0,5.786293820930939e-20,0.0,100.0,0.17362364383120313,,0.0023251035380436667,6.163710594177246
251,1285.4094127296883,550.736703073173,175.19325232726734,0.0,547.6617413912496,0.0,452.3382586087505,0.0,2.3632440689585803e-19,7.529222222603967e+51,5.111152216571449e+69,-1.0288548035563003e+52,5.111152273190481e+69,2.7593258298704234e+51,-1.0222304433142898e+70,0.0,-5.342076372330657e-20,0.0,5.786293820930939e-20,0.0,100.0,0.1736236438925063,,0.0023251035665502965,6.039498567581177
252,1285.4094132838434,550.7367030865372,175.1932539040066,0.0,547.6617413912496,0.0,452.3382586087505,0.0,2.3632440689585803e-19,7.529222222603967e+51,5.111152216571449e+69,-1.0288548035563003e+52,5.111152273190481e+69,2.7593258298704234e+51,-1.0222304433142898e+70,0.0,-5.342076372330657e-20,0.0,5.786293820930939e-20,0.0,100.0,0.1736236438986365,,0.0023251035694009585,6.191224813461304
253,1285.409413339259,550.7367030878737,175.19325406168056,0.0,547.6617413912496,0.0,452.3382586087505,0.0,2.3632440689585803e-19,7.529222222603967e+51,5.111152216571449e+69,-1.0288548035563003e+52,5.111152273190481e+69,2.7593258298704234e+51,-1.0222304433142898e+70,0.0,-5.342076372330657e-20,0.0,5.786293820930939e-20,0.0,100.0,0.1736236438992496,,0.0023251035696860256,6.0905046463012695
254,1285.40941335416,550.7367030878737,175.19325406168056,0.0,547.6617413912496,0.0,452.3382586087505,0.0,2.3632440689585803e-19,7.529222222603967e+51,5.111152216571449e+69,-1.0288548035563003e+52,5.111152273190481e+69,2.7593258298704234e+51,-1.0222304433142898e+70,0.0,-5.342076372330657e-20,0.0,5.786293820930939e-20,0.0,100.0,0.17362364389941165,,0.0023251035696860256,5.687963485717773
255,1285.409413339259,550.7367031027749,175.19325406168056,0.0,547.6617413912496,0.0,452.3382586087505,0.0,2.3632440689585803e-19,7.529222222603967e+51,5.111152216571449e+69,-1.0288548035563003e+52,5.111152273190481e+69,2.7593258298704234e+51,-1.0222304433142898e+70,0.0,-5.342076372330657e-20,0.0,5.786293820930939e-20,0.0,100.0,0.17362364389936824,,0.0023251035696860256,6.169254779815674
256,1285.409413339259,550.7367030878737,175.19325407658172,0.0,547.6617413912496,0.0,452.3382586087505,0.0,2.3632440689585803e-19,7.529222222603967e+51,5.111152216571449e+69,-1.0288548035563003e+52,5.111152273190481e+69,2.7593258298704234e+51,-1.0222304433142898e+70,0.0,-5.342076372330657e-20,0.0,5.786293820930939e-20,0.0,100.0,0.1736236438992496,,0.0023251035697129663,6.021228313446045
